"SCHOTT, Optical Glass",,,,,,,,,,,,,,,,,,,,,,,,,,,,,,,,,,,,,,,,,,,,,,,,,,,,,,
,,,,,,,,,,,,,,,,,,,,,,,,,,,,,,,,,,,,,,,,,,,,,,,,,,,,,,
,,Internal transmission measured at 10 mm sample thickness,,,,,,,,,,,,,,,,,,,,,,,,,,,,,,Refractive Indices,,,,,,,,,,,,,,,,,,,,,,
Glass,Glascode,TAUI10/2500,TAUI10/2325,TAUI10/1970,TAUI10/1530,TAUI10/1060,TAUI10/700,TAUI10/660,TAUI10/620,TAUI10/580,TAUI10/546,TAUI10/500,TAUI10/460,TAUI10/436,TAUI10/420,TAUI10/405,TAUI10/400,TAUI10/390,TAUI10/380,TAUI10/370,TAUI10/365,TAUI10/350,TAUI10/334,TAUI10/320,TAUI10/310,TAUI10/300,TAUI10/290,TAUI10/280,TAUI10/270,TAUI10/260,TAUI10/250,  n2325.4,  n1970.1,  n1529.6,  n1060.0,  nt,  ns,  nr,  nC,  nC',  n632.8,  nD,  nd,  ne,  nF,  nF',  ng,  nh,  ni,  n334.1,  n312.6,  n296.7,  n280.4,  n248.3
 N-KZFS11,638424.320,0.507,0.779,0.965,0.991,0.999,0.998,0.997,0.997,0.997,0.997,0.996,0.993,0.991,0.990,0.988,0.987,0.983,0.976,0.963,0.950,0.882,0.727,0.468,0.230,0.048,0.000,0.000,0.000,0.000,0.000,1.59699,1.60439,1.61223,1.62044,1.62139,1.62540,1.63069,1.63324,1.63395,1.63462,1.63762,1.63775,1.64132,1.64828,1.64915,1.65670,1.66385,1.67636,1.690370,,,,
 N-KZFS2,558540.255,0.276,0.583,0.915,0.976,0.996,0.998,0.998,0.998,0.998,0.998,0.997,0.995,0.992,0.990,0.987,0.985,0.980,0.971,0.963,0.954,0.915,0.810,0.565,0.246,0.012,0.000,0.000,0.000,0.000,0.000,1.52239,1.53011,1.53798,1.54546,1.54625,1.54944,1.55337,1.55519,1.55570,1.55617,1.55827,1.55836,1.56082,1.56553,1.56612,1.57114,1.57580,1.58382,1.592590,,,,
 N-KZFS4,613445.300,0.510,0.749,0.951,0.984,0.998,0.998,0.997,0.997,0.997,0.997,0.995,0.990,0.987,0.984,0.981,0.979,0.971,0.963,0.941,0.924,0.815,0.468,0.040,0.000,0.000,0.000,0.000,0.000,0.000,0.000,1.57535,1.58233,1.58971,1.59739,1.59828,1.60199,1.60688,1.60922,1.60987,1.61049,1.61324,1.61336,1.61664,1.62300,1.62380,1.63071,1.63723,1.64865,,,,,
 N-KZFS4HT,613445.300,0.510,0.749,0.951,0.984,0.999,0.998,0.997,0.997,0.997,0.997,0.995,0.992,0.990,0.988,0.986,0.985,0.980,0.973,0.959,0.948,0.867,0.549,0.060,0.000,0.000,0.000,0.000,0.000,0.000,0.000,1.57535,1.58233,1.58971,1.59739,1.59828,1.60199,1.60688,1.60922,1.60987,1.61049,1.61324,1.61336,1.61664,1.62300,1.62380,1.63071,1.63723,1.64865,,,,,
 N-LAK33A,754523.422,0.398,0.686,0.937,0.990,0.998,0.998,0.998,0.998,0.998,0.998,0.998,0.994,0.991,0.988,0.981,0.976,0.967,0.950,0.924,0.905,0.804,0.601,0.336,0.160,0.053,0.000,0.000,0.000,0.000,0.000,1.71278,1.72047,1.72855,1.73690,1.73786,1.74186,1.74707,1.74956,1.75025,1.75090,1.75380,1.75393,1.75737,1.76398,1.76481,1.77187,1.77845,1.78972,1.801950,1.813250,1.823610,,
 N-LAF34,773496.424,0.454,0.726,0.945,0.989,0.999,0.998,0.998,0.998,0.998,0.998,0.997,0.994,0.991,0.988,0.983,0.980,0.971,0.955,0.927,0.908,0.815,0.643,0.424,0.236,0.069,0.000,0.000,0.000,0.000,0.000,1.73085,1.73824,1.74610,1.75447,1.75546,1.75962,1.76515,1.76780,1.76855,1.76924,1.77236,1.77250,1.77621,1.78337,1.78427,1.79196,1.79915,,,,,,
 N-LAK33B,755523.422,0.398,0.679,0.937,0.985,0.998,0.998,0.998,0.997,0.998,0.998,0.997,0.994,0.992,0.988,0.982,0.980,0.971,0.954,0.928,0.910,0.821,0.657,0.455,0.283,0.217,0.118,0.022,0.000,0.000,0.000,1.71387,1.72155,1.72962,1.73796,1.73892,1.74292,1.74814,1.75062,1.75132,1.75197,1.75487,1.75500,1.75844,1.76506,1.76589,1.77296,1.77954,1.79082,1.803060,1.814360,1.824710,,
 N-LASF31A,883408.551,0.636,0.824,0.963,0.993,0.998,0.997,0.996,0.996,0.996,0.996,0.991,0.980,0.970,0.960,0.942,0.933,0.905,0.860,0.782,0.729,0.488,0.129,0.060,0.001,0.000,0.000,0.000,0.000,0.000,0.000,1.83590,1.84267,1.85026,1.85937,1.86054,1.86572,1.87298,1.87656,1.87757,1.87853,1.88281,1.88300,1.88815,1.89822,1.89950,1.91050,1.92093,1.93920,,,,,
 N-LAF21,788475.428,0.430,0.713,0.942,0.988,0.998,0.998,0.997,0.997,0.997,0.997,0.996,0.990,0.985,0.981,0.971,0.966,0.949,0.921,0.870,0.833,0.644,0.276,0.030,0.000,0.000,0.000,0.000,0.000,0.000,0.000,1.74419,1.75191,1.76014,1.76892,1.76995,1.77434,1.78019,1.78301,1.78380,1.78454,1.78785,1.78800,1.79195,1.79960,1.80056,1.80882,1.81657,1.83002,,,,,
 N-LAF35,743494.412,0.398,0.713,0.937,0.988,0.998,0.998,0.998,0.998,0.998,0.998,0.997,0.994,0.990,0.987,0.980,0.976,0.966,0.948,0.918,0.898,0.788,0.592,0.348,0.152,0.026,0.000,0.000,0.000,0.000,0.000,,,,1.72588,1.72683,1.73086,1.73620,1.73876,1.73948,1.74015,1.74317,1.74330,1.74688,1.75381,1.75467,1.76212,1.76908,,,,,,
 N-LASF44,804465.444,0.468,0.739,0.946,0.990,0.998,0.998,0.998,0.998,0.998,0.998,0.996,0.991,0.986,0.980,0.967,0.963,0.946,0.911,0.860,0.823,0.658,0.378,0.152,0.068,0.029,0.000,0.000,0.000,0.000,0.000,1.76070,1.76801,1.77590,1.78455,1.78560,1.79006,1.79609,1.79901,1.79983,1.80060,1.80405,1.80420,1.80832,1.81630,1.81731,1.82594,1.83405,,,,,,
 N-LAK8,713538.375,0.398,0.707,0.950,0.992,0.998,0.998,0.998,0.998,0.998,0.998,0.998,0.995,0.992,0.988,0.981,0.977,0.965,0.946,0.905,0.877,0.739,0.509,0.276,0.137,0.044,0.010,0.000,0.000,0.000,0.000,1.67294,1.68075,1.68890,1.69710,1.69802,1.70181,1.70668,1.70897,1.70962,1.71022,1.71289,1.71300,1.71616,1.72222,1.72297,1.72944,1.73545,1.74573,1.756870,,,,
 N-LASF41,835431.485,0.480,0.764,0.950,0.993,0.998,0.998,0.998,0.997,0.998,0.997,0.994,0.985,0.976,0.967,0.954,0.948,0.928,0.891,0.831,0.787,0.592,0.292,0.040,0.000,0.000,0.000,0.000,0.000,0.000,0.000,1.78859,1.79608,1.80423,1.81338,1.81450,1.81936,1.82599,1.82923,1.83014,1.83100,1.83484,1.83501,1.83961,1.84859,1.84972,1.85949,1.86872,1.88486,,,,,
 P-LAF37,755457.399,0.480,0.752,0.946,0.990,0.998,0.998,0.998,0.998,0.998,0.998,0.996,0.993,0.990,0.987,0.982,0.980,0.971,0.959,0.935,0.919,0.837,0.650,0.276,0.040,0.000,0.000,0.000,0.000,0.000,0.000,1.71338,1.72058,1.72830,1.73669,1.73770,1.74198,1.74775,1.75054,1.75132,1.75206,1.75535,1.75550,1.75944,1.76708,1.76804,1.77633,1.78414,,,,,,
 P-LASF51,810409.458,0.525,0.776,0.950,0.992,0.999,0.998,0.997,0.997,0.997,0.997,0.995,0.990,0.985,0.980,0.971,0.967,0.954,0.928,0.877,0.842,0.657,0.250,0.012,0.000,0.000,0.000,0.000,0.000,0.000,0.000,1.76437,1.77145,1.77923,1.78815,1.78927,1.79413,1.80082,1.80411,1.80504,1.80591,1.80983,1.81000,1.81470,1.82390,1.82506,1.83512,1.84467,1.86148,1.880430,,,,
 N-LAK14,697554.363,0.382,0.672,0.933,0.984,0.998,0.998,0.998,0.997,0.997,0.998,0.997,0.994,0.991,0.988,0.984,0.981,0.971,0.959,0.933,0.915,0.821,0.642,0.428,0.239,0.089,0.019,0.000,0.000,0.000,0.000,1.65783,1.66554,1.67357,1.68157,1.68246,1.68612,1.69077,1.69297,1.69358,1.69415,1.69669,1.69680,1.69980,1.70554,1.70626,1.71237,1.71804,1.72772,1.738190,,,,
 N-LAK34,729545.402,0.398,0.672,0.937,0.984,0.998,0.999,0.999,0.998,0.998,0.999,0.998,0.995,0.992,0.989,0.983,0.981,0.976,0.963,0.941,0.924,0.852,0.713,0.525,0.377,0.281,0.168,0.073,0.014,0.000,0.000,1.68925,1.69695,1.70500,1.71315,1.71407,1.71787,1.72277,1.72509,1.72574,1.72634,1.72904,1.72916,1.73235,1.73847,1.73923,1.74575,1.75180,1.76214,1.773310,1.783590,1.792960,,
 P-LASF47,806409.454,0.525,0.776,0.950,0.992,0.999,0.998,0.998,0.998,0.998,0.998,0.995,0.990,0.985,0.980,0.971,0.967,0.954,0.928,0.877,0.842,0.657,0.250,0.012,0.000,0.000,0.000,0.000,0.000,0.000,0.000,1.76040,1.76755,1.77538,1.78432,1.78544,1.79028,1.79696,1.80023,1.80116,1.80203,1.80593,1.80610,1.81078,1.81994,1.82110,1.83112,1.84064,1.85739,1.876320,,,,
 P-LASF50,809405.454,0.525,0.776,0.950,0.992,0.999,0.998,0.997,0.997,0.997,0.997,0.995,0.990,0.985,0.980,0.971,0.967,0.954,0.928,0.877,0.842,0.657,0.292,0.032,0.000,0.000,0.000,0.000,0.000,0.000,0.000,1.76261,1.76975,1.77759,1.78657,1.78770,1.79259,1.79934,1.80266,1.80359,1.80447,1.80842,1.80860,1.81335,1.82264,1.82382,1.83399,1.84367,,,,,,
 N-LAK10,720506.369,0.428,0.720,0.950,0.991,0.998,0.999,0.998,0.998,0.997,0.998,0.995,0.991,0.985,0.976,0.963,0.959,0.937,0.901,0.831,0.770,0.442,0.026,0.000,0.000,0.000,0.000,0.000,0.000,0.000,0.000,1.67890,1.68670,1.69488,1.70324,1.70419,1.70815,1.71328,1.71572,1.71641,1.71705,1.71990,1.72003,1.72341,1.72995,1.73077,1.73779,1.74438,1.75578,,,,,
 N-LAF33,786441.436,0.473,0.744,0.945,0.990,0.999,0.998,0.998,0.998,0.998,0.998,0.995,0.989,0.983,0.978,0.968,0.963,0.948,0.921,0.874,0.841,0.692,0.382,0.076,0.000,0.000,0.000,0.000,0.000,0.000,0.000,1.74262,1.74968,1.75732,1.76584,1.76689,1.77138,1.77751,1.78049,1.78134,1.78213,1.78567,1.78582,1.79007,1.79833,1.79937,1.80837,1.81687,1.83175,,,,,
 N-LAK9,691547.351,0.455,0.707,0.941,0.986,0.998,0.998,0.998,0.998,0.998,0.998,0.997,0.994,0.991,0.988,0.983,0.980,0.971,0.954,0.928,0.906,0.787,0.525,0.209,0.070,0.014,0.001,0.000,0.000,0.000,0.000,1.65294,1.66032,1.66804,1.67584,1.67672,1.68033,1.68497,1.68716,1.68777,1.68834,1.69089,1.69100,1.69401,1.69979,1.70051,1.70667,1.71239,1.72219,1.732810,,,,
 P-LAK35,693532.385,0.546,0.758,0.946,0.992,0.999,0.997,0.997,0.997,0.997,0.998,0.997,0.994,0.992,0.991,0.989,0.988,0.984,0.976,0.962,0.950,0.887,0.746,0.536,0.353,0.158,0.026,0.000,0.000,0.000,0.000,1.65762,1.66411,1.67100,1.67824,1.67909,1.68264,1.68732,1.68955,1.69018,1.69077,1.69338,1.69350,1.69661,1.70259,1.70334,1.70974,1.71569,1.72590,1.736980,,,,
 N-KZFS5,654397.304,0.657,0.826,0.963,0.988,0.999,0.998,0.997,0.997,0.997,0.997,0.994,0.990,0.986,0.983,0.978,0.976,0.967,0.950,0.928,0.910,0.793,0.372,0.017,0.000,0.000,0.000,0.000,0.000,0.000,0.000,1.61392,1.62058,1.62780,1.63577,1.63673,1.64087,1.64649,1.64922,1.65000,1.65072,1.65398,1.65412,1.65803,1.66570,1.66667,1.67511,1.68318,1.69756,,,,,
 N-LASF43,806406.426,0.398,0.713,0.937,0.984,0.998,0.998,0.998,0.997,0.996,0.995,0.990,0.980,0.967,0.954,0.933,0.919,0.882,0.821,0.707,0.618,0.221,0.000,0.000,0.000,0.000,0.000,0.000,0.000,0.000,0.000,1.75901,1.76662,1.77488,1.78413,1.78527,1.79018,1.79691,1.80020,1.80113,1.80200,1.80593,1.80610,1.81081,1.82005,1.82122,1.83137,1.84106,,,,,,
 N-ZK7,508612.249,0.657,0.847,0.971,0.990,0.998,0.998,0.998,0.998,0.998,0.998,0.997,0.995,0.994,0.992,0.991,0.990,0.987,0.982,0.976,0.971,0.941,0.852,0.686,0.492,0.221,0.032,0.000,0.000,0.000,0.000,1.48062,1.48637,1.49233,1.49813,1.49876,1.50129,1.50445,1.50592,1.50633,1.50671,1.50840,1.50847,1.51045,1.51423,1.51470,1.51869,1.52238,1.52865,1.535380,1.541550,,,
 P-SK60,610579.308,0.693,0.831,0.959,0.993,0.999,0.999,0.998,0.998,0.999,0.999,0.999,0.998,0.998,0.998,0.997,0.997,0.995,0.993,0.990,0.987,0.967,0.905,0.746,0.480,0.150,0.010,0.000,0.000,0.000,0.000,1.57831,1.58450,1.59102,1.59762,1.59836,1.60140,1.60530,1.60714,1.60765,1.60813,1.61026,1.61035,1.61286,1.61768,1.61828,1.62340,1.62815,1.63627,1.645060,1.653170,1.660610,,
 N-LAK22,651559.377,0.672,0.826,0.959,0.991,0.998,0.998,0.997,0.996,0.997,0.997,0.995,0.992,0.990,0.989,0.987,0.985,0.980,0.967,0.947,0.933,0.844,0.657,0.398,0.209,0.078,0.014,0.000,0.000,0.000,0.000,1.61915,1.62488,1.63100,1.63747,1.63823,1.64141,1.64560,1.64760,1.64816,1.64868,1.65103,1.65113,1.65391,1.65925,1.65992,1.66562,1.67092,1.67997,1.689750,1.698760,,,
 N-LAF2,744449.430,0.693,0.862,0.971,0.996,0.999,0.998,0.997,0.997,0.997,0.998,0.993,0.985,0.976,0.965,0.944,0.933,0.896,0.831,0.713,0.626,0.229,0.000,0.000,0.000,0.000,0.000,0.000,0.000,0.000,0.000,1.70582,1.71169,1.71816,1.72563,1.72656,1.73064,1.73627,1.73903,1.73981,1.74054,1.74383,1.74397,1.74791,1.75562,1.75659,1.76500,1.77298,1.78703,,,,,
 LAFN7,750350.438,0.382,0.700,0.937,0.984,0.998,0.998,0.998,0.998,0.998,0.998,0.998,0.993,0.986,0.976,0.950,0.937,0.905,0.842,0.693,0.546,0.125,0.000,0.000,0.000,0.000,0.000,0.000,0.000,0.000,0.000,1.70211,1.70934,1.71726,1.72642,1.72758,1.73264,1.73970,1.74319,1.74418,1.74511,1.74931,1.74950,1.75458,1.76464,1.76592,1.77713,1.78798,1.80762,,,,,
 P-BK7,516641.243,0.733,0.867,0.967,0.992,0.999,0.999,0.999,0.999,0.999,0.999,0.998,0.998,0.998,0.997,0.997,0.997,0.996,0.994,0.992,0.989,0.971,0.882,0.565,0.180,0.004,0.000,0.000,0.000,0.000,0.000,1.48811,1.49407,1.50025,1.50620,1.50683,1.50936,1.51248,1.51392,1.51431,1.51469,1.51633,1.51640,1.51832,1.52198,1.52243,1.52628,1.52982,1.53583,1.542270,,,,
 N-LAK12,678552.410,0.592,0.764,0.937,0.990,0.997,0.997,0.996,0.995,0.996,0.996,0.994,0.987,0.983,0.981,0.977,0.976,0.967,0.946,0.910,0.882,0.733,0.468,0.152,0.032,0.000,0.000,0.000,0.000,0.000,0.000,1.64541,1.65107,1.65713,1.66366,1.66443,1.66772,1.67209,1.67419,1.67478,1.67533,1.67779,1.67790,1.68083,1.68647,1.68717,1.69320,1.69882,1.70842,1.718810,,,,
 N-LASF40,834373.443,0.565,0.810,0.963,0.993,0.998,0.998,0.998,0.997,0.997,0.995,0.987,0.973,0.954,0.937,0.905,0.891,0.842,0.764,0.601,0.468,0.044,0.000,0.000,0.000,0.000,0.000,0.000,0.000,0.000,0.000,1.78600,1.79298,1.80074,1.80999,1.81118,1.81643,1.82380,1.82745,1.82849,1.82946,1.83385,1.83404,1.83935,1.84981,1.85114,1.86275,1.87393,,,,,,
 P-SK57,587596.301,0.693,0.831,0.954,0.991,0.999,0.999,0.999,0.999,0.999,0.999,0.998,0.996,0.996,0.995,0.994,0.994,0.992,0.989,0.984,0.980,0.946,0.821,0.480,0.123,0.000,0.000,0.000,0.000,0.000,0.000,1.55688,1.56271,1.56885,1.57507,1.57576,1.57862,1.58227,1.58399,1.58447,1.58492,1.58691,1.58700,1.58935,1.59384,1.59440,1.59917,1.60359,1.61112,1.619230,1.626690,,,
 P-SK57Q1,586595.301,0.693,0.831,0.954,0.991,0.999,0.999,0.999,0.999,0.999,0.999,0.998,0.996,0.996,0.995,0.994,0.994,0.992,0.989,0.984,0.980,0.946,0.821,0.480,0.123,0.000,0.000,0.000,0.000,0.000,0.000,1.55583,1.56169,1.56784,1.57407,1.57476,1.57762,1.58127,1.58299,1.58347,1.58392,1.58591,1.58600,1.58835,1.59284,1.59340,1.59817,1.60260,1.61013,1.618260,,,,
 P-SK58A,589612.297,0.546,0.746,0.924,0.984,0.996,0.995,0.995,0.996,0.997,0.998,0.997,0.996,0.995,0.994,0.994,0.994,0.991,0.986,0.980,0.971,0.924,0.752,0.364,0.067,0.002,0.000,0.000,0.000,0.000,0.000,1.55820,1.56439,1.57086,1.57728,1.57799,1.58086,1.58449,1.58618,1.58665,1.58709,1.58904,1.58913,1.59143,1.59581,1.59636,1.60100,1.60530,1.61260,1.620450,,,,
 N-KZFS8,720347.320,0.764,0.867,0.967,0.993,0.999,0.998,0.998,0.998,0.998,0.997,0.994,0.988,0.982,0.976,0.967,0.963,0.946,0.924,0.887,0.857,0.665,0.141,0.042,0.000,0.000,0.000,0.000,0.000,0.000,0.000,1.67524,1.68193,1.68939,1.69816,1.69927,1.70416,1.71099,1.71437,1.71532,1.71622,1.72029,1.72047,1.72539,1.73513,1.73637,1.74724,1.75777,1.77690,,,,,
 N-LAK7,652585.384,0.550,0.754,0.943,0.989,0.999,0.999,0.998,0.998,0.998,0.998,0.997,0.994,0.992,0.991,0.989,0.988,0.984,0.978,0.966,0.956,0.908,0.799,0.619,0.415,0.191,0.050,0.000,0.000,0.000,0.000,1.61875,1.62499,1.63156,1.63828,1.63904,1.64220,1.64628,1.64821,1.64875,1.64925,1.65150,1.65160,1.65425,1.65934,1.65998,1.66539,1.67042,1.67897,1.688200,,,,
 N-LAK21,640601.374,0.536,0.752,0.946,0.988,0.998,0.998,0.996,0.996,0.997,0.997,0.995,0.990,0.987,0.985,0.982,0.979,0.971,0.959,0.928,0.905,0.799,0.565,0.250,0.060,0.000,0.000,0.000,0.000,0.000,0.000,1.60776,1.61416,1.62086,1.62759,1.62834,1.63143,1.63538,1.63724,1.63776,1.63825,1.64040,1.64049,1.64304,1.64790,1.64850,1.65366,1.65844,1.66657,1.675320,,,,
 N-BAF10,670471.375,0.727,0.857,0.967,0.992,0.998,0.998,0.996,0.996,0.996,0.996,0.992,0.987,0.981,0.976,0.959,0.950,0.915,0.847,0.720,0.626,0.176,0.000,0.000,0.000,0.000,0.000,0.000,0.000,0.000,0.000,1.63524,1.64094,1.64714,1.65404,1.65488,1.65849,1.66339,1.66578,1.66645,1.66708,1.66990,1.67003,1.67341,1.68000,1.68083,1.68801,1.69480,,,,,,
 N-SSK2,622533.353,0.758,0.877,0.971,0.992,0.997,0.998,0.998,0.997,0.998,0.998,0.997,0.994,0.992,0.990,0.985,0.981,0.967,0.941,0.891,0.852,0.574,0.084,0.000,0.000,0.000,0.000,0.000,0.000,0.000,0.000,1.59149,1.59685,1.60260,1.60880,1.60953,1.61264,1.61678,1.61877,1.61933,1.61985,1.62219,1.62229,1.62508,1.63045,1.63112,1.63691,1.64232,1.65166,,,,,
 K10,501564.252,0.770,0.831,0.937,0.993,0.998,0.999,0.998,0.997,0.997,0.997,0.996,0.996,0.995,0.995,0.995,0.994,0.993,0.989,0.986,0.983,0.963,0.877,0.626,0.370,0.140,0.000,0.000,0.000,0.000,0.000,1.47507,1.48008,1.48536,1.49076,1.49137,1.49389,1.49713,1.49867,1.49910,1.49950,1.50129,1.50137,1.50349,1.50756,1.50807,1.51243,1.51649,1.52350,1.531200,1.538440,,,
 N-KF9,523515.250,0.618,0.713,0.887,0.992,0.998,0.999,0.998,0.998,0.998,0.998,0.998,0.996,0.995,0.994,0.990,0.986,0.976,0.950,0.901,0.857,0.536,0.026,0.000,0.000,0.000,0.000,0.000,0.000,0.000,0.000,1.49608,1.50095,1.50616,1.51170,1.51234,1.51507,1.51867,1.52040,1.52089,1.52134,1.52337,1.52346,1.52588,1.53056,1.53114,1.53620,1.54096,1.54925,,,,,
 N-BAF51,652450.333,0.746,0.831,0.946,0.992,0.997,0.997,0.996,0.996,0.997,0.996,0.994,0.988,0.982,0.976,0.963,0.954,0.924,0.862,0.739,0.642,0.209,0.000,0.000,0.000,0.000,0.000,0.000,0.000,0.000,0.000,1.61873,1.62390,1.62961,1.63619,1.63701,1.64059,1.64551,1.64792,1.64860,1.64924,1.65211,1.65224,1.65569,1.66243,1.66328,1.67065,1.67766,,,,,,
 N-BALF4,580539.311,0.804,0.887,0.967,0.994,0.997,0.999,0.998,0.998,0.998,0.998,0.997,0.994,0.993,0.992,0.988,0.985,0.976,0.959,0.924,0.891,0.679,0.158,0.000,0.000,0.000,0.000,0.000,0.000,0.000,0.000,1.55068,1.55577,1.56124,1.56707,1.56776,1.57065,1.57447,1.57631,1.57683,1.57731,1.57946,1.57956,1.58212,1.58707,1.58769,1.59301,1.59799,1.60658,,,,,
 N-SK16,620603.358,0.583,0.782,0.950,0.989,0.998,0.998,0.998,0.997,0.998,0.998,0.996,0.994,0.992,0.992,0.990,0.988,0.982,0.971,0.954,0.941,0.867,0.693,0.414,0.209,0.063,0.010,0.000,0.000,0.000,0.000,1.58919,1.59523,1.60157,1.60799,1.60871,1.61167,1.61548,1.61727,1.61777,1.61824,1.62032,1.62041,1.62286,1.62756,1.62814,1.63312,1.63773,1.64559,1.654030,1.661780,,,
 N-BAK4,569560.305,0.782,0.872,0.959,0.993,0.998,0.999,0.998,0.998,0.998,0.998,0.998,0.996,0.995,0.995,0.993,0.992,0.987,0.976,0.954,0.933,0.787,0.345,0.012,0.000,0.000,0.000,0.000,0.000,0.000,0.000,1.54044,1.54561,1.55111,1.55688,1.55755,1.56034,1.56400,1.56575,1.56624,1.56670,1.56874,1.56883,1.57125,1.57591,1.57649,1.58149,1.58614,1.59415,,,,,
 N-BAK4HT,569560.305,0.854,0.920,0.979,0.996,0.999,0.998,0.998,0.998,0.998,0.998,0.998,0.997,0.997,0.996,0.994,0.993,0.989,0.979,0.959,0.941,0.812,0.390,0.015,0.000,0.000,0.000,0.000,0.000,0.000,0.000,1.540440,1.545610,1.551110,1.556880,1.557550,1.560340,1.564000,1.565750,1.566240,1.566700,1.568740,1.568830,1.571250,1.575910,1.576490,1.581490,1.586140,1.594150,,,,,
 LLF1HTi,548459.294,0.744,0.804,0.930,0.996,0.999,0.999,0.999,0.999,0.999,0.999,0.999,0.999,0.999,0.999,0.999,0.999,0.998,0.998,0.998,0.997,0.993,0.955,0.721,0.231,0.000,0.000,0.000,0.000,0.000,0.000,1.51863,1.52354,1.52886,1.53473,1.53544,1.53848,1.54259,1.54459,1.54515,1.54568,1.54804,1.54815,1.55099,1.55653,1.55723,1.56328,1.56904,1.57920,,,,,
 LLF1,548458.294,0.758,0.821,0.933,0.996,0.998,0.999,0.998,0.998,0.999,0.999,0.998,0.998,0.998,0.998,0.998,0.997,0.997,0.995,0.994,0.992,0.982,0.919,0.618,0.240,0.024,0.002,0.000,0.000,0.000,0.000,1.51865,1.52354,1.52884,1.53470,1.53541,1.53845,1.54256,1.54457,1.54513,1.54566,1.54803,1.54814,1.55099,1.55655,1.55725,1.56333,1.56911,1.57932,1.590920,,,,
 N-BK7,517642.251,0.665,0.793,0.933,0.992,0.999,0.998,0.998,0.998,0.998,0.998,0.998,0.997,0.997,0.997,0.997,0.997,0.996,0.993,0.991,0.988,0.967,0.905,0.770,0.574,0.292,0.063,0.000,0.000,0.000,0.000,1.48921,1.49495,1.50091,1.50669,1.50731,1.50980,1.51289,1.51432,1.51472,1.51509,1.51673,1.51680,1.51872,1.52238,1.52283,1.52668,1.53024,1.53627,1.542720,1.548620,,,
 N-BK7HT,517642.251,0.752,0.845,0.954,0.995,0.999,0.999,0.999,0.999,0.999,0.999,0.999,0.998,0.998,0.998,0.998,0.998,0.998,0.997,0.996,0.994,0.985,0.948,0.815,0.567,0.221,0.040,0.000,0.000,0.000,0.000,1.48921,1.49495,1.50091,1.50669,1.50731,1.50980,1.51289,1.51432,1.51472,1.51509,1.51673,1.51680,1.51872,1.52238,1.52283,1.52668,1.53024,1.53627,1.542720,1.548620,,,
 N-BK7HTi,517642.251,0.752,0.845,0.954,0.995,0.999,0.999,0.999,0.999,0.999,0.999,0.999,0.998,0.998,0.998,0.998,0.998,0.998,0.997,0.996,0.994,0.985,0.948,0.815,0.567,0.221,0.040,0.000,0.000,0.000,0.000,1.48921,1.49495,1.50091,1.50669,1.50731,1.50980,1.51289,1.51432,1.51472,1.51509,1.51673,1.51680,1.51872,1.52238,1.52283,1.52668,1.53024,1.53627,1.542720,1.548620,,,
 N-BK10,498670.239,0.739,0.872,0.980,0.992,0.998,0.998,0.997,0.997,0.997,0.997,0.996,0.996,0.996,0.996,0.996,0.996,0.996,0.994,0.994,0.994,0.991,0.978,0.941,0.872,0.707,0.414,0.123,0.010,0.000,0.000,1.47060,1.47647,1.48252,1.48827,1.48887,1.49127,1.49419,1.49552,1.49589,1.49623,1.49775,1.49782,1.49960,1.50296,1.50337,1.50690,1.51014,1.51561,1.521440,1.526740,1.531510,,
 N-SK2,607567.355,0.815,0.896,0.971,0.995,0.998,0.998,0.998,0.998,0.998,0.998,0.996,0.993,0.993,0.994,0.994,0.994,0.992,0.988,0.976,0.967,0.905,0.752,0.504,0.276,0.102,0.020,0.000,0.000,0.000,0.000,1.57881,1.58378,1.58914,1.59490,1.59558,1.59847,1.60230,1.60414,1.60465,1.60513,1.60729,1.60738,1.60994,1.61486,1.61547,1.62073,1.62562,1.63398,1.643040,,,,
 N-SK2HT,607567.355,0.807,0.890,0.971,0.995,0.998,0.999,0.998,0.998,0.999,0.999,0.998,0.997,0.996,0.997,0.996,0.996,0.994,0.992,0.987,0.983,0.955,0.869,0.654,0.385,0.130,0.010,0.000,0.000,0.000,0.000,1.57881,1.58378,1.58914,1.59490,1.59558,1.59847,1.60230,1.60414,1.60465,1.60513,1.60729,1.60738,1.60994,1.61486,1.61547,1.62073,1.62562,1.63398,1.643040,,,,
 N-SK5,589613.330,0.680,0.840,0.963,0.992,0.999,0.998,0.998,0.997,0.998,0.998,0.998,0.996,0.995,0.994,0.993,0.992,0.988,0.984,0.976,0.971,0.920,0.800,0.590,0.400,0.210,0.090,0.030,0.000,0.000,0.000,1.55966,1.56539,1.57140,1.57747,1.57815,1.58094,1.58451,1.58619,1.58666,1.58710,1.58904,1.58913,1.59142,1.59581,1.59635,1.60100,1.60530,1.61260,1.620430,1.627590,,,
 N-SSK5,658509.371,0.727,0.847,0.963,0.992,0.996,0.997,0.997,0.997,0.997,0.996,0.993,0.987,0.982,0.976,0.963,0.959,0.941,0.896,0.804,0.727,0.336,0.017,0.000,0.000,0.000,0.000,0.000,0.000,0.000,0.000,1.62581,1.63128,1.63720,1.64371,1.64450,1.64785,1.65237,1.65455,1.65517,1.65574,1.65833,1.65844,1.66152,1.66749,1.66824,1.67471,1.68079,1.69139,,,,,
 N-BASF64,704394.320,0.727,0.852,0.959,0.988,0.994,0.988,0.982,0.979,0.979,0.980,0.976,0.967,0.959,0.950,0.933,0.924,0.891,0.821,0.672,0.546,0.090,0.000,0.000,0.000,0.000,0.000,0.000,0.000,0.000,0.000,1.66373,1.66988,1.67667,1.68453,1.68551,1.68982,1.69578,1.69872,1.69955,1.70033,1.70384,1.70400,1.70824,1.71659,1.71765,1.72690,1.73581,1.75184,,,,,
 N-PSK3,552635.291,0.648,0.809,0.949,0.991,0.999,0.998,0.997,0.997,0.997,0.997,0.996,0.995,0.994,0.994,0.995,0.994,0.993,0.991,0.988,0.985,0.967,0.915,0.770,0.583,0.325,0.123,0.026,0.000,0.000,0.000,1.52375,1.52954,1.53558,1.54154,1.54218,1.54482,1.54811,1.54965,1.55008,1.55048,1.55224,1.55232,1.55440,1.55835,1.55885,1.56302,1.56688,1.57342,1.580410,1.586790,,,
 N-BALF5,547536.261,0.618,0.758,0.919,0.989,0.996,0.998,0.997,0.997,0.998,0.998,0.997,0.995,0.994,0.991,0.986,0.983,0.967,0.937,0.872,0.815,0.439,0.006,0.000,0.000,0.000,0.000,0.000,0.000,0.000,0.000,,,,1.53529,1.53598,1.53885,1.54255,1.54430,1.54479,1.54525,1.54730,1.54739,1.54982,1.55451,1.55510,1.56016,1.56491,,,,,,
 N-SK11,564608.308,0.782,0.882,0.967,0.994,0.998,0.998,0.998,0.998,0.998,0.999,0.998,0.996,0.995,0.994,0.992,0.990,0.988,0.985,0.980,0.976,0.950,0.872,0.700,0.480,0.212,0.058,0.000,0.000,0.000,0.000,1.53598,1.54131,1.54693,1.55266,1.55330,1.55597,1.55939,1.56101,1.56146,1.56188,1.56376,1.56384,1.56605,1.57028,1.57081,1.57530,1.57946,1.58653,1.594140,1.601100,,,
 N-SK4,613586.354,0.686,0.826,0.959,0.991,0.997,0.998,0.998,0.998,0.998,0.998,0.997,0.994,0.993,0.993,0.992,0.990,0.984,0.971,0.946,0.928,0.821,0.525,0.102,0.000,0.000,0.000,0.000,0.000,0.000,0.000,1.58282,1.58835,1.59422,1.60032,1.60102,1.60393,1.60774,1.60954,1.61005,1.61052,1.61262,1.61272,1.61521,1.61999,1.62059,1.62568,1.63042,,,,,,
 LF5HTi,581409.322,0.777,0.830,0.938,0.996,0.999,0.999,0.999,0.999,0.999,0.999,0.999,0.999,0.999,0.999,0.999,0.999,0.999,0.998,0.997,0.996,0.985,0.891,0.380,0.020,0.000,0.000,0.000,0.000,0.000,0.000,1.54970,1.55448,1.55978,1.56596,1.56674,1.57015,1.57490,1.57724,1.57790,1.57852,1.58132,1.58144,1.58482,1.59145,1.59230,1.59963,1.60665,1.61921,,,,,
 F5,603380.347,0.787,0.842,0.941,0.995,0.999,0.999,0.998,0.998,0.998,0.998,0.998,0.996,0.996,0.995,0.994,0.993,0.989,0.984,0.971,0.963,0.896,0.618,0.080,0.000,0.000,0.000,0.000,0.000,0.000,0.000,1.56934,1.57427,1.57979,1.58636,1.58721,1.59093,1.59616,1.59875,1.59948,1.60017,1.60328,1.60342,1.60718,1.61461,1.61556,1.62381,1.63176,1.64606,1.662760,,,,
 LF5,581409.322, ,0.847,0.946,0.997,0.999,0.999,0.999,0.999,0.999,0.999,0.998,0.998,0.998,0.997,0.997,0.997,0.994,0.989,0.984,0.981,0.950,0.799,0.320,0.040,0.000,0.000,0.000,0.000,0.000,0.000,1.54966,1.55445,1.55975,1.56594,1.56672,1.57014,1.57489,1.57723,1.57789,1.57851,1.58132,1.58144,1.58482,1.59146,1.59231,1.59964,1.60668,1.61926,1.633800,,,,
 N-SK14,603606.344,0.679,0.831,0.959,0.992,0.998,0.998,0.998,0.998,0.998,0.998,0.997,0.995,0.994,0.993,0.991,0.990,0.988,0.981,0.971,0.963,0.910,0.770,0.546,0.345,0.160,0.040,0.000,0.000,0.000,0.000,1.57336,1.57903,1.58502,1.59113,1.59182,1.59467,1.59834,1.60008,1.60056,1.60101,1.60302,1.60311,1.60548,1.61003,1.61059,1.61542,1.61988,1.62748,1.635640,,,,
 K7,511604.253,0.650,0.758,0.910,0.992,0.998,0.998,0.998,0.998,0.998,0.998,0.997,0.996,0.996,0.996,0.996,0.996,0.995,0.993,0.990,0.988,0.976,0.905,0.707,0.398,0.090,0.000,0.000,0.000,0.000,0.000,1.48553,1.49046,1.49565,1.50091,1.50150,1.50394,1.50707,1.50854,1.50895,1.50934,1.51105,1.51112,1.51314,1.51700,1.51748,1.52159,1.52540,1.53189,1.538910,1.545370,,,
 N-K5,522595.259,0.776,0.847,0.946,0.994,0.998,0.998,0.997,0.997,0.998,0.998,0.997,0.996,0.996,0.996,0.996,0.995,0.994,0.991,0.985,0.982,0.950,0.831,0.536,0.221,0.058,0.000,0.000,0.000,0.000,0.000,1.49656,1.50146,1.50664,1.51197,1.51257,1.51507,1.51829,1.51982,1.52024,1.52064,1.52241,1.52249,1.52458,1.52860,1.52910,1.53338,1.53734,1.54412,1.551450,1.558210,,,
 F2,620364.360,0.809,0.859,0.949,0.996,0.999,0.999,0.999,0.999,0.999,0.999,0.999,0.998,0.997,0.996,0.995,0.994,0.991,0.985,0.975,0.968,0.905,0.537,0.080,0.000,0.000,0.000,0.000,0.000,0.000,0.000,1.58465,1.58958,1.59513,1.60190,1.60279,1.60671,1.61227,1.61503,1.61582,1.61656,1.61989,1.62004,1.62408,1.63208,1.63310,1.64202,1.65064,1.66623,1.684550,,,,
 F2HT,620364.360,0.874,0.912,0.968,0.998,0.999,0.999,0.999,0.999,0.999,0.999,0.999,0.998,0.998,0.997,0.997,0.996,0.995,0.993,0.988,0.983,0.927,0.565,0.080,0.000,0.000,0.000,0.000,0.000,0.000,0.000,1.58465,1.58958,1.59513,1.60190,1.60279,1.60671,1.61227,1.61503,1.61582,1.61656,1.61989,1.62004,1.62408,1.63208,1.63310,1.64202,1.65064,1.66623,1.684550,,,,
 N-BAK1,573576.319,0.806,0.877,0.960,0.994,0.998,0.999,0.998,0.998,0.998,0.998,0.997,0.996,0.996,0.996,0.996,0.996,0.995,0.993,0.991,0.987,0.971,0.924,0.799,0.609,0.345,0.102,0.014,0.000,0.000,0.000,1.54556,1.55032,1.55543,1.56088,1.56152,1.56421,1.56778,1.56949,1.56997,1.57041,1.57241,1.57250,1.57487,1.57943,1.58000,1.58488,1.58941,1.59716,1.605540,1.613260,,,
 N-SSK8,618498.327,0.733,0.847,0.959,0.992,0.997,0.998,0.996,0.996,0.997,0.997,0.994,0.987,0.982,0.975,0.959,0.950,0.919,0.847,0.727,0.626,0.194,0.000,0.000,0.000,0.000,0.000,0.000,0.000,0.000,0.000,1.58594,1.59137,1.59723,1.60360,1.60436,1.60759,1.61192,1.61401,1.61460,1.61515,1.61762,1.61773,1.62068,1.62641,1.62713,1.63335,1.63923,,,,,,
 N-BAK2,540597.286,0.758,0.831,0.937,0.994,0.999,0.998,0.998,0.998,0.998,0.998,0.998,0.997,0.997,0.997,0.997,0.997,0.997,0.996,0.996,0.994,0.988,0.963,0.867,0.693,0.398,0.158,0.040,0.000,0.000,0.000,1.51387,1.51871,1.52385,1.52919,1.52980,1.53234,1.53564,1.53721,1.53765,1.53806,1.53988,1.53996,1.54212,1.54625,1.54677,1.55117,1.55525,1.56221,1.569710,1.576600,1.582870,,
 N-LASF45,801350.363,0.805,0.879,0.972,0.995,0.999,0.996,0.995,0.994,0.994,0.993,0.983,0.965,0.946,0.924,0.877,0.857,0.787,0.672,0.476,0.336,0.012,0.000,0.000,0.000,0.000,0.000,0.000,0.000,0.000,0.000,1.75487,1.76104,1.76809,1.77689,1.77805,1.78325,1.79066,1.79436,1.79541,1.79640,1.80087,1.80107,1.80650,1.81726,1.81864,1.83068,1.84237,,,,,,
 N-LASF45HT,801350.363,0.805,0.879,0.972,0.995,0.999,0.996,0.995,0.994,0.994,0.993,0.985,0.972,0.958,0.941,0.906,0.886,0.825,0.719,0.528,0.395,0.033,0.000,0.000,0.000,0.000,0.000,0.000,0.000,0.000,0.000,1.75487,1.76104,1.76809,1.77689,1.77805,1.78325,1.79066,1.79436,1.79541,1.79640,1.80087,1.80107,1.80650,1.81726,1.81864,1.83068,1.84237,,,,,,
 SF2,648339.386,0.826,0.872,0.950,0.994,0.998,0.998,0.998,0.998,0.998,0.998,0.997,0.995,0.993,0.990,0.985,0.981,0.967,0.946,0.910,0.877,0.672,0.110,0.000,0.000,0.000,0.000,0.000,0.000,0.000,0.000,1.61003,1.61494,1.62055,1.62766,1.62861,1.63289,1.63902,1.64210,1.64297,1.64379,1.64752,1.64769,1.65222,1.66123,1.66238,1.67249,1.68233,1.70027,,,,,
 SF5,673322.407,0.847,0.887,0.959,0.995,0.998,0.998,0.998,0.998,0.998,0.998,0.997,0.995,0.993,0.989,0.983,0.980,0.967,0.950,0.915,0.882,0.626,0.200,0.000,0.000,0.000,0.000,0.000,0.000,0.000,0.000,1.63289,1.63785,1.64359,1.65104,1.65206,1.65664,1.66327,1.66661,1.66756,1.66846,1.67252,1.67270,1.67764,1.68750,1.68876,1.69986,1.71069,1.73056,,,,,
 N-BAF52,609466.305,0.686,0.831,0.954,0.990,0.998,0.997,0.996,0.996,0.996,0.996,0.992,0.987,0.981,0.975,0.959,0.950,0.915,0.842,0.672,0.536,0.048,0.000,0.000,0.000,0.000,0.000,0.000,0.000,0.000,0.000,1.57475,1.58067,1.58702,1.59381,1.59461,1.59801,1.60254,1.60473,1.60535,1.60593,1.60852,1.60863,1.61173,1.61779,1.61856,1.62521,1.63157,,,,,,
 N-BAF4,606437.289,0.707,0.837,0.954,0.991,0.998,0.998,0.996,0.996,0.997,0.997,0.994,0.988,0.983,0.976,0.959,0.946,0.901,0.804,0.601,0.442,0.012,0.000,0.000,0.000,0.000,0.000,0.000,0.000,0.000,0.000,1.57092,1.57685,1.58323,1.59016,1.59099,1.59452,1.59926,1.60157,1.60222,1.60282,1.60556,1.60568,1.60897,1.61542,1.61624,1.62336,1.63022,,,,,,
 LASF35,022291.541,0.787,0.877,0.973,0.995,0.998,0.992,0.990,0.987,0.985,0.977,0.948,0.903,0.852,0.787,0.686,0.634,0.504,0.302,0.100,0.030,0.000,0.000,0.000,0.000,0.000,0.000,0.000,0.000,0.000,0.000,1.95946,1.96639,1.97472,1.98624,1.98786,1.99531,2.00628,2.01185,2.01343,2.01493,2.02173,2.02204,2.03035,2.04702,2.04916,2.06805,2.08663,,,,,,
 N-FK5,487704.245,0.679,0.831,0.971,0.986,0.999,0.998,0.996,0.996,0.996,0.996,0.996,0.996,0.997,0.997,0.998,0.998,0.998,0.996,0.997,0.997,0.995,0.991,0.980,0.954,0.896,0.758,0.504,0.221,0.060,0.000,1.46181,1.46738,1.47312,1.47855,1.47912,1.48137,1.48410,1.48535,1.48569,1.48601,1.48743,1.48749,1.48914,1.49227,1.49266,1.49593,1.49894,1.50401,1.509390,1.514280,1.518670,1.524150,
 FK5HTi,487705.245,0.683,0.830,0.971,0.986,0.999,0.999,0.998,0.998,0.998,0.998,0.998,0.998,0.998,0.999,0.999,0.999,0.999,0.998,0.999,0.998,0.998,0.996,0.992,0.983,0.959,0.896,0.764,0.546,0.302,0.120,1.46180,1.46738,1.47312,1.47855,1.47912,1.48137,1.48409,1.48534,1.48568,1.48600,1.48742,1.48748,1.48913,1.49225,1.49264,1.49591,1.49892,1.50398,1.509350,1.514230,1.518610,1.524090,
 N-LASF9,850322.441,0.814,0.873,0.967,0.994,0.998,0.994,0.992,0.992,0.991,0.989,0.978,0.958,0.933,0.901,0.831,0.799,0.693,0.525,0.270,0.137,0.000,0.000,0.000,0.000,0.000,0.000,0.000,0.000,0.000,0.000,1.80058,1.80659,1.81364,1.82293,1.82420,1.82997,1.83834,1.84255,1.84376,1.84489,1.85002,1.85025,1.85650,1.86898,1.87058,1.88467,1.89845,,,,,,
 N-LASF9HT,850322.441,0.814,0.873,0.967,0.994,0.998,0.994,0.992,0.992,0.991,0.989,0.978,0.958,0.939,0.915,0.869,0.843,0.766,0.629,0.390,0.246,0.005,0.000,0.000,0.000,0.000,0.000,0.000,0.000,0.000,0.000,1.80058,1.80659,1.81364,1.82293,1.82420,1.82997,1.83834,1.84255,1.84376,1.84489,1.85002,1.85025,1.85650,1.86898,1.87058,1.88467,1.89845,,,,,,
 N-LAF7,749348.373,0.679,0.867,0.976,0.996,0.998,0.997,0.995,0.994,0.992,0.988,0.971,0.937,0.901,0.857,0.782,0.752,0.657,0.515,0.302,0.170,0.000,0.000,0.000,0.000,0.000,0.000,0.000,0.000,0.000,0.000,1.70344,1.71021,1.71772,1.72659,1.72773,1.73272,1.73972,1.74320,1.74419,1.74511,1.74931,1.74950,1.75459,1.76472,1.76602,1.77741,1.78854,,,,,,
 N-LASF46A,904313.445,0.556,0.793,0.954,0.991,0.999,0.996,0.994,0.993,0.993,0.991,0.980,0.959,0.937,0.905,0.847,0.815,0.707,0.504,0.181,0.050,0.000,0.000,0.000,0.000,0.000,0.000,0.000,0.000,0.000,0.000,1.84576,1.85364,1.86255,1.87353,1.87498,1.88143,1.89064,1.89526,1.89657,1.89781,1.90341,1.90366,1.91048,1.92411,1.92586,1.94129,1.95645,,,,,,
 SF1,717295.446,0.842,0.882,0.959,0.994,0.998,0.998,0.998,0.998,0.998,0.998,0.997,0.994,0.990,0.984,0.971,0.967,0.946,0.910,0.837,0.758,0.300,0.000,0.000,0.000,0.000,0.000,0.000,0.000,0.000,0.000,1.67352,1.67855,1.68449,1.69258,1.69371,1.69888,1.70647,1.71031,1.71141,1.71245,1.71715,1.71736,1.72310,1.73462,1.73610,1.74916,1.76201,1.78580,,,,,
 N-LASF46B,904313.451,0.556,0.787,0.954,0.991,0.998,0.997,0.996,0.995,0.993,0.990,0.981,0.963,0.946,0.924,0.872,0.847,0.752,0.556,0.275,0.114,0.000,0.000,0.000,0.000,0.000,0.000,0.000,0.000,0.000,0.000,1.84657,1.85418,1.86283,1.87362,1.87505,1.88146,1.89065,1.89526,1.89657,1.89781,1.90341,1.90366,1.91048,1.92411,1.92586,1.94130,1.95647,,,,,,
 N-PSK53A,618634.357,0.609,0.764,0.915,0.982,0.998,0.998,0.997,0.997,0.998,0.998,0.997,0.994,0.993,0.992,0.988,0.985,0.976,0.959,0.928,0.905,0.776,0.525,0.230,0.061,0.000,0.000,0.000,0.000,0.000,0.000,1.59015,1.59528,1.60073,1.60641,1.60706,1.60979,1.61334,1.61503,1.61550,1.61595,1.61791,1.61800,1.62033,1.62478,1.62534,1.63007,1.63445,1.64190,1.649910,1.657240,1.663900,,
 N-F2,620364.265,0.746,0.837,0.950,0.991,0.998,0.997,0.996,0.996,0.997,0.997,0.994,0.989,0.985,0.980,0.959,0.946,0.891,0.764,0.480,0.276,0.096,0.000,0.000,0.000,0.000,0.000,0.000,0.000,0.000,0.000,1.58136,1.58744,1.59410,1.60167,1.60261,1.60667,1.61229,1.61506,1.61584,1.61658,1.61990,1.62005,1.62408,1.63208,1.63310,1.64209,1.65087,,,,,,
 N-BASF2,664360.315,0.857,0.896,0.971,0.994,0.999,0.996,0.994,0.994,0.995,0.994,0.988,0.980,0.971,0.954,0.915,0.891,0.804,0.634,0.325,0.158,0.000,0.000,0.000,0.000,0.000,0.000,0.000,0.000,0.000,0.000,1.62552,1.63109,1.63734,1.64484,1.64581,1.65007,1.65607,1.65905,1.65990,1.66070,1.66430,1.66446,1.66883,1.67751,1.67862,1.68838,1.69792,,,,,,
 SF4,755276.479,0.847,0.887,0.963,0.996,0.998,0.998,0.998,0.998,0.998,0.998,0.996,0.992,0.987,0.980,0.963,0.954,0.924,0.862,0.727,0.601,0.090,0.000,0.000,0.000,0.000,0.000,0.000,0.000,0.000,0.000,1.70789,1.71294,1.71904,1.72765,1.72888,1.73456,1.74300,1.74730,1.74853,1.74969,1.75496,1.75520,1.76167,1.77468,1.77636,1.79121,1.80589,1.83330,,,,,
 P-SF8,689313.290,0.727,0.799,0.937,0.991,0.999,0.995,0.994,0.994,0.995,0.994,0.989,0.980,0.971,0.959,0.937,0.924,0.872,0.746,0.468,0.260,0.001,0.000,0.000,0.000,0.000,0.000,0.000,0.000,0.000,0.000,1.64480,1.65079,1.65760,1.66598,1.66708,1.67200,1.67901,1.68252,1.68353,1.68447,1.68874,1.68893,1.69414,1.70457,1.70591,1.71778,1.72950,,,,,,
 N-SF2,648338.272,0.852,0.896,0.971,0.994,0.999,0.995,0.994,0.994,0.995,0.994,0.990,0.984,0.979,0.970,0.944,0.928,0.857,0.693,0.325,0.132,0.001,0.000,0.000,0.000,0.000,0.000,0.000,0.000,0.000,0.000,1.60661,1.61268,1.61944,1.62738,1.62839,1.63282,1.63902,1.64210,1.64298,1.64380,1.64752,1.64769,1.65222,1.66125,1.66241,1.67265,1.68273,,,,,,
 SF10,728284.428,0.862,0.896,0.967,0.995,0.999,0.998,0.997,0.997,0.998,0.998,0.996,0.991,0.984,0.967,0.910,0.862,0.672,0.360,0.080,0.020,0.000,0.000,0.000,0.000,0.000,0.000,0.000,0.000,0.000,0.000,1.68218,1.68750,1.69378,1.70227,1.70345,1.70887,1.71681,1.72085,1.72200,1.72309,1.72803,1.72825,1.73430,1.74648,1.74805,1.76198,1.77579,,,,,,
 N-SF8,689313.290,0.746,0.815,0.946,0.988,0.997,0.995,0.993,0.993,0.994,0.993,0.985,0.976,0.965,0.950,0.919,0.901,0.831,0.672,0.345,0.158,0.000,0.000,0.000,0.000,0.000,0.000,0.000,0.000,0.000,0.000,1.64448,1.65060,1.65753,1.66600,1.66711,1.67203,1.67904,1.68254,1.68354,1.68448,1.68874,1.68894,1.69413,1.70455,1.70589,1.71775,1.72948,,,,,,
 N-SF5,673323.286,0.758,0.831,0.950,0.990,0.998,0.996,0.995,0.995,0.996,0.995,0.990,0.982,0.973,0.963,0.928,0.905,0.826,0.642,0.276,0.116,0.000,0.000,0.000,0.000,0.000,0.000,0.000,0.000,0.000,0.000,1.62935,1.63554,1.64249,1.65080,1.65188,1.65661,1.66330,1.66664,1.66759,1.66848,1.67253,1.67271,1.67763,1.68750,1.68876,1.69998,1.71106,,,,,,
 SF6,805254.518,0.887,0.910,0.971,0.996,0.999,0.999,0.998,0.998,0.999,0.998,0.996,0.991,0.982,0.967,0.933,0.915,0.847,0.720,0.442,0.246,0.000,0.000,0.000,0.000,0.000,0.000,0.000,0.000,0.000,0.000,1.75302,1.75813,1.76444,1.77380,1.77517,1.78157,1.79117,1.79609,1.79750,1.79884,1.80491,1.80518,1.81265,1.82775,1.82970,1.84707,1.86436,1.89703,,,,,
 SF6HT,805254.518,0.887,0.910,0.971,0.996,0.999,0.999,0.998,0.998,0.999,0.998,0.996,0.992,0.987,0.977,0.954,0.941,0.891,0.770,0.504,0.302,0.000,0.000,0.000,0.000,0.000,0.000,0.000,0.000,0.000,0.000,1.75302,1.75813,1.76444,1.77380,1.77517,1.78157,1.79117,1.79609,1.79750,1.79884,1.80491,1.80518,1.81265,1.82775,1.82970,1.84707,1.86436,1.89703,,,,,
 N-SF1,717296.303,0.733,0.804,0.937,0.989,0.998,0.996,0.994,0.995,0.996,0.994,0.987,0.976,0.963,0.946,0.896,0.867,0.770,0.574,0.252,0.096,0.000,0.000,0.000,0.000,0.000,0.000,0.000,0.000,0.000,0.000,1.67021,1.67641,1.68350,1.69240,1.69358,1.69889,1.70651,1.71035,1.71144,1.71247,1.71715,1.71736,1.72308,1.73457,1.73605,1.74919,1.76224,,,,,,
 SF56A,785261.492,0.867,0.896,0.967,0.996,0.999,0.998,0.997,0.998,0.998,0.998,0.996,0.990,0.980,0.959,0.896,0.857,0.700,0.398,0.120,0.040,0.000,0.000,0.000,0.000,0.000,0.000,0.000,0.000,0.000,0.000,1.73406,1.73925,1.74559,1.75473,1.75606,1.76220,1.77136,1.77605,1.77740,1.77866,1.78444,1.78470,1.79180,1.80615,1.80800,1.82449,1.84092,,,,,,
 P-SF69,723292.293,0.804,0.857,0.954,0.993,0.999,0.998,0.997,0.997,0.998,0.997,0.993,0.985,0.976,0.963,0.933,0.915,0.847,0.686,0.364,0.160,0.000,0.000,0.000,0.000,0.000,0.000,0.000,0.000,0.000,0.000,1.67440,1.68073,1.68797,1.69705,1.69826,1.70367,1.71144,1.71535,1.71647,1.71752,1.72229,1.72250,1.72833,1.74007,1.74158,1.75502,1.76840,,,,,,
 N-SF10,728285.305,0.847,0.896,0.971,0.994,0.996,0.993,0.990,0.991,0.991,0.989,0.978,0.963,0.946,0.924,0.867,0.837,0.727,0.525,0.176,0.058,0.000,0.000,0.000,0.000,0.000,0.000,0.000,0.000,0.000,0.000,1.67981,1.68597,1.69308,1.70217,1.70340,1.70891,1.71688,1.72091,1.72206,1.72314,1.72806,1.72828,1.73430,1.74643,1.74800,1.76191,1.77578,,,,,,
 N-SF15,699302.292,0.764,0.837,0.954,0.990,0.998,0.995,0.993,0.994,0.994,0.994,0.988,0.977,0.964,0.941,0.887,0.857,0.746,0.525,0.158,0.044,0.000,0.000,0.000,0.000,0.000,0.000,0.000,0.000,0.000,0.000,1.65267,1.65899,1.66616,1.67494,1.67609,1.68122,1.68854,1.69222,1.69326,1.69425,1.69872,1.69892,1.70438,1.71536,1.71677,1.72933,1.74182,,,,,,
 N-SF4,755274.315,0.776,0.816,0.943,0.992,0.999,0.994,0.991,0.992,0.993,0.991,0.979,0.961,0.942,0.916,0.861,0.830,0.740,0.563,0.249,0.100,0.000,0.000,0.000,0.000,0.000,0.000,0.000,0.000,0.000,0.000,1.70434,1.71052,1.71773,1.72717,1.72846,1.73432,1.74286,1.74719,1.74842,1.74959,1.75489,1.75513,1.76164,1.77477,1.77647,1.79158,1.80668,,,,,,
 SF57,847238.551,0.891,0.910,0.971,0.996,0.999,0.998,0.998,0.998,0.998,0.998,0.994,0.987,0.971,0.941,0.882,0.847,0.727,0.523,0.160,0.040,0.000,0.000,0.000,0.000,0.000,0.000,0.000,0.000,0.000,0.000,1.79026,1.79539,1.80187,1.81185,1.81335,1.82038,1.83102,1.83650,1.83808,1.83957,1.84636,1.84666,1.85504,1.87204,1.87425,1.89393,1.91366,,,,,,
 SF57HTultra,847238.551,0.914,0.930,0.980,0.998,0.999,0.999,0.999,0.999,0.999,0.999,0.996,0.991,0.985,0.971,0.941,0.924,0.831,0.621,0.250,0.100,0.000,0.000,0.000,0.000,0.000,0.000,0.000,0.000,0.000,0.000,1.79026,1.79539,1.80187,1.81185,1.81335,1.82038,1.83102,1.83650,1.83808,1.83957,1.84636,1.84666,1.85504,1.87204,1.87425,1.89393,1.91366,,,,,,
 N-SF14,762265.312,0.799,0.837,0.950,0.992,0.999,0.994,0.991,0.992,0.994,0.992,0.984,0.971,0.963,0.946,0.910,0.891,0.821,0.642,0.276,0.095,0.000,0.000,0.000,0.000,0.000,0.000,0.000,0.000,0.000,0.000,1.70954,1.71581,1.72315,1.73284,1.73417,1.74022,1.74907,1.75356,1.75485,1.75606,1.76157,1.76182,1.76859,1.78228,1.78405,1.79986,1.81570,,,,,,
 SF11,785258.474,0.821,0.867,0.971,0.993,0.999,0.997,0.996,0.996,0.996,0.996,0.990,0.976,0.941,0.867,0.650,0.525,0.180, , , ,0.000,0.000,0.000,0.000,0.000,0.000,0.000,0.000,0.000,0.000,1.73294,1.73843,1.74506,1.75445,1.75579,1.76200,1.77125,1.77599,1.77734,1.77862,1.78446,1.78472,1.79190,1.80645,1.80834,1.82518,1.84208,,,,,,
 N-SF6,805254.337,0.776,0.810,0.941,0.991,0.998,0.993,0.990,0.991,0.992,0.989,0.977,0.961,0.946,0.919,0.857,0.821,0.700,0.480,0.158,0.004,0.000,0.000,0.000,0.000,0.000,0.000,0.000,0.000,0.000,0.000,1.74895,1.75541,1.76307,1.77341,1.77486,1.78144,1.79114,1.79608,1.79749,1.79883,1.80491,1.80518,1.81266,1.82783,1.82980,1.84738,1.86506,,,,,,
 N-SF6HT,805254.337,0.793,0.826,0.946,0.992,0.999,0.994,0.991,0.992,0.992,0.990,0.980,0.966,0.954,0.937,0.901,0.877,0.793,0.592,0.209,0.004,0.000,0.000,0.000,0.000,0.000,0.000,0.000,0.000,0.000,0.000,1.74895,1.75541,1.76307,1.77341,1.77486,1.78144,1.79114,1.79608,1.79749,1.79883,1.80491,1.80518,1.81266,1.82783,1.82980,1.84738,1.86506,,,,,,
 N-SF6HTultra,805254.337,0.796,0.826,0.948,0.992,0.999,0.994,0.991,0.992,0.994,0.992,0.984,0.972,0.961,0.945,0.910,0.887,0.805,0.604,0.217,0.004,0.000,0.000,0.000,0.000,0.000,0.000,0.000,0.000,0.000,0.000,1.74895,1.75541,1.76307,1.77341,1.77486,1.78144,1.79114,1.79608,1.79749,1.79883,1.80491,1.80518,1.81266,1.82783,1.82980,1.84738,1.86506,,,,,,
 N-SF11,785257.322,0.826,0.867,0.965,0.994,0.999,0.994,0.992,0.992,0.994,0.991,0.981,0.967,0.946,0.919,0.852,0.815,0.686,0.428,0.083, ,0.000,0.000,0.000,0.000,0.000,0.000,0.000,0.000,0.000,0.000,1.72937,1.73600,1.74377,1.75401,1.75542,1.76182,1.77119,1.77596,1.77732,1.77860,1.78446,1.78472,1.79192,1.80651,1.80841,1.82533,1.84235,,,,,,
 N-SF57,847238.353,0.806,0.838,0.956,0.992,0.999,0.991,0.987,0.988,0.990,0.986,0.971,0.949,0.919,0.872,0.782,0.733,0.574,0.302,0.063,0.003,0.000,0.000,0.000,0.000,0.000,0.000,0.000,0.000,0.000,0.000,1.78502,1.79190,1.80011,1.81138,1.81296,1.82023,1.83099,1.83650,1.83807,1.83956,1.84635,1.84666,1.85504,1.87210,1.87432,1.89423,1.91440,,,,,,
 N-SF57HT,847238.353,0.806,0.838,0.956,0.992,0.999,0.992,0.988,0.989,0.991,0.987,0.972,0.951,0.928,0.896,0.831,0.793,0.657,0.382,0.063,0.003,0.000,0.000,0.000,0.000,0.000,0.000,0.000,0.000,0.000,0.000,1.78502,1.79190,1.80011,1.81138,1.81296,1.82023,1.83099,1.83650,1.83807,1.83956,1.84635,1.84666,1.85504,1.87210,1.87432,1.89423,1.91440,,,,,,
 N-SF57HTultra,847238.353,0.806,0.838,0.956,0.992,0.999,0.995,0.994,0.993,0.992,0.989,0.978,0.962,0.943,0.917,0.864,0.830,0.702,0.420,0.063,0.003,0.000,0.000,0.000,0.000,0.000,0.000,0.000,0.000,0.000,0.000,1.78502,1.79190,1.80011,1.81138,1.81296,1.82023,1.83099,1.83650,1.83807,1.83956,1.84635,1.84666,1.85504,1.87210,1.87432,1.89423,1.91440,,,,,,
 P-SF67,907214.424,0.933,0.946,0.984,0.994,0.994,0.983,0.981,0.978,0.971,0.954,0.901,0.810,0.707,0.574,0.364,0.276,0.090,0.011,0.000, ,0.000,0.000,0.000,0.000,0.000,0.000,0.000,0.000,0.000,0.000,1.83479,1.84280,1.85235,1.86543,1.86727,1.87574,1.88833,1.89480,1.89666,1.89841,1.90644,1.90680,1.91675,1.93717,1.93985,1.96401,,,,,,,
 N-PK51,529770.386,0.919,0.941,0.976,0.994,0.998,0.997,0.996,0.997,0.998,0.998,0.997,0.995,0.994,0.994,0.994,0.994,0.994,0.989,0.982,0.976,0.933,0.815,0.601,0.398,0.209,0.063,0.010,0.001,0.000,0.000,1.50987,1.51312,1.51665,1.52045,1.52089,1.52278,1.52527,1.52646,1.52680,1.52711,1.52849,1.52855,1.53019,1.53333,1.53372,1.53704,1.54010,1.54527,1.550790,1.555790,,,
 N-SF66,923209.400,0.793,0.837,0.947,0.989,0.996,0.991,0.987,0.983,0.976,0.963,0.928,0.887,0.831,0.758,0.592,0.504,0.250,0.040,0.001,0.000,0.000,0.000,0.000,0.000,0.000,0.000,0.000,0.000,0.000,0.000,1.84839,1.85665,1.86650,1.87999,1.88189,1.89064,1.90368,1.91039,1.91232,1.91414,1.92248,1.92286,1.93322,1.95459,1.95739,1.98285,,,,,,,
 P-SF68,005210.619,0.793,0.905,0.976,0.996,0.999,0.997,0.996,0.994,0.989,0.976,0.905,0.758,0.574,0.302,0.036,0.007,0.000,0.000,0.000,0.000,0.000,0.000,0.000,0.000,0.000,0.000,0.000,0.000,0.000,0.000,1.93381,1.93968,1.94732,1.95970,1.96160,1.97063,1.98449,1.99171,1.99380,1.99576,2.00479,2.00520,2.01643,2.03958,2.04262,2.07018,,,,,,,
 N-PK52A,497816.370,0.987,0.991,0.996,0.998,0.998,0.997,0.997,0.998,0.999,0.999,0.998,0.997,0.996,0.996,0.997,0.997,0.997,0.996,0.992,0.988,0.950,0.831,0.618,0.428,0.250,0.120,0.044,0.014,0.000,0.000,1.47966,1.48279,1.48616,1.48971,1.49012,1.49184,1.49408,1.49514,1.49544,1.49571,1.49695,1.49700,1.49845,1.50123,1.50157,1.50450,1.50720,1.51175,1.516580,1.520960,1.524890,,
 N-FK51A,487845.368,0.891,0.933,0.976,0.992,0.998,0.998,0.998,0.998,0.999,0.999,0.998,0.997,0.997,0.997,0.997,0.997,0.997,0.995,0.990,0.985,0.948,0.831,0.618,0.428,0.262,0.137,0.058,0.000,0.000,0.000,1.46958,1.47271,1.47608,1.47959,1.47999,1.48165,1.48379,1.48480,1.48508,1.48534,1.48651,1.48656,1.48794,1.49056,1.49088,1.49364,1.49618,1.50046,1.505010,1.509110,,,
 N-FK58,456909.365,0.997,0.998,0.999,0.999,0.998,0.997,0.997,0.997,0.998,0.998,0.998,0.997,0.996,0.996,0.996,0.996,0.996,0.995,0.992,0.990,0.976,0.928,0.821,0.693,0.525,0.364,0.239,0.152,0.109,0.090,1.44114,1.44388,1.44683,1.44991,1.45026,1.45171,1.45358,1.45446,1.45471,1.45494,1.45596,1.45600,1.45720,1.45948,1.45976,1.46216,1.46436,1.46807,1.471990, , , , 