1,S-FPL51,497816,498810,1.479520 ,1.482693 ,1.486103 ,1.489110 ,1.490103 ,1.491829 ,1.493002 ,1.494073 ,1.495136 ,1.495433 ,1.495711 ,1.496945 ,1.496999 ,1.498455 ,1.501231 ,1.501576 ,1.504074 ,1.504507 ,1.507205 ,1.511760 ,0.01,0.05,0.17,0.37,0.60,0.77,0.88,0.947,0.975,0.988,0.994,0.996,0.995,0.994,0.994,0.996,0.997,0.998,0.999,0.998,0.998,0.998,0.999,0.999,0.999,0.999,0.999,0.999,0.999,0.999,0.997,0.996
2,S-FPL53,439950,440946,1.425123 ,1.427618 ,1.430316 ,1.432688 ,1.433463 ,1.434800 ,1.435702 ,1.436522 ,1.437333 ,1.437560 ,1.437771 ,1.438709 ,1.438750 ,1.439854 ,1.441955 ,1.442215 ,1.444098 ,1.444423 ,1.446451 ,1.449860 ,0.04,0.12,0.28,0.51,0.71,0.85,0.928,0.967,0.985,0.992,0.996,0.997,0.996,0.995,0.995,0.996,0.997,0.998,0.999,0.998,0.997,0.998,0.998,0.997,0.997,0.998,0.998,0.998,0.998,0.998,0.997,0.998
3,S-FPL55,439948,440942,1.424918 ,1.427469 ,1.430228 ,1.432645 ,1.433430 ,1.434780 ,1.435689 ,1.436513 ,1.437328 ,1.437555 ,1.437767 ,1.438708 ,1.438750 ,1.439857 ,1.441963 ,1.442223 ,1.444111 ,1.444438 ,1.446469 ,1.449883 ,0.02,0.08,0.22,0.43,0.65,0.81,0.907,0.957,0.979,0.989,0.995,0.996,0.996,0.995,0.995,0.996,0.997,0.998,0.999,0.998,0.997,0.997,0.997,0.996,0.995,0.996,0.997,0.997,0.997,0.997,0.996,0.997
4,S-FPM2,595677,597674,1.572518 ,1.576309 ,1.580447 ,1.584255 ,1.585567 ,1.587910 ,1.589540 ,1.591046 ,1.592555 ,1.592978 ,1.593374 ,1.595142 ,1.595220 ,1.597316 ,1.601342 ,1.601844 ,1.605491 ,1.606124 ,1.610084 ,1.616805 ,0,0,0,0.18,0.35,0.54,0.72,0.84,0.917,0.958,0.980,0.988,0.991,0.989,0.989,0.992,0.994,0.996,0.998,0.997,0.996,0.996,0.995,0.995,0.996,0.997,0.997,0.997,0.995,0.992,0.989,0.983
5,S-FPM3,538747,539743,1.517381 ,1.521050 ,1.524997 ,1.528491 ,1.529649 ,1.531668 ,1.533044 ,1.534303 ,1.535554 ,1.535904 ,1.536231 ,1.537686 ,1.537750 ,1.539469 ,1.542753 ,1.543161 ,1.546122 ,1.546635 ,1.549838 ,1.555253 ,0.03,0.08,0.19,0.36,0.55,0.72,0.85,0.924,0.962,0.981,0.990,0.992,0.992,0.989,0.990,0.992,0.995,0.996,0.998,0.997,0.996,0.996,0.994,0.995,0.996,0.997,0.997,0.996,0.995,0.993,0.987,0.984
6,S-FSL 5,487702,489701,1.462267 ,1.467651 ,1.473245 ,1.477782 ,1.479150 ,1.481382 ,1.482822 ,1.484099 ,1.485344 ,1.485689 ,1.486010 ,1.487428 ,1.487490 ,1.489147 ,1.492285 ,1.492673 ,1.495479 ,1.495964 ,1.498983 ,1.504063 ,0.13,0.43,0.73,0.89,0.961,0.984,0.992,0.995,0.995,0.998,0.998,0.999,0.999,0.999,0.999,0.999,0.999,0.999,0.999,0.999,0.999,0.999,0.999,0.999,0.998,0.998,0.982,0.992,0.985,0.971,0.88,0.87
7,S-BSL 7,516641,518639,1.488994 ,1.494621 ,1.500504 ,1.505364 ,1.506862 ,1.509347 ,1.510973 ,1.512428 ,1.513855 ,1.514251 ,1.514621 ,1.516258 ,1.516330 ,1.518251 ,1.521905 ,1.522358 ,1.525645 ,1.526214 ,1.529768 ,1.535785 ,0,0.08,0.31,0.58,0.77,0.88,0.940,0.968,0.984,0.991,0.991,0.996,0.997,0.996,0.995,0.995,0.996,0.996,0.998,0.997,0.997,0.998,0.998,0.997,0.996,0.995,0.982,0.991,0.980,0.961,0.89,0.85
8,S-BSM 2,607568,610565,1.578742 ,1.583738 ,1.589132 ,1.593977 ,1.595610 ,1.598494 ,1.600482 ,1.602313 ,1.604144 ,1.604658 ,1.605138 ,1.607284 ,1.607379 ,1.609927 ,1.614835 ,1.615448 ,1.619918 ,1.620697 ,1.625582 ,1.633941 ,0,0,0,0.04,0.27,0.57,0.77,0.88,0.941,0.967,0.981,0.987,0.991,0.991,0.990,0.991,0.993,0.995,0.997,0.997,0.996,0.998,0.999,0.998,0.998,0.998,0.994,0.997,0.992,0.984,0.951,0.89
9,S-BSM 4,613587,615584,1.583377 ,1.588708 ,1.594403 ,1.599415 ,1.601073 ,1.603964 ,1.605938 ,1.607746 ,1.609547 ,1.610051 ,1.610522 ,1.612623 ,1.612716 ,1.615204 ,1.619982 ,1.620577 ,1.624914 ,1.625668 ,1.630391 ,1.638446 ,0,0,0,0.04,0.24,0.52,0.73,0.85,0.924,0.960,0.977,0.985,0.991,0.994,0.995,0.996,0.997,0.998,0.998,0.998,0.998,0.998,0.998,0.997,0.997,0.997,0.990,0.994,0.985,0.971,0.911,0.82
10,S-BSM 9,614550,617547,1.584062 ,1.589320 ,1.594990 ,1.600067 ,1.601774 ,1.604783 ,1.606856 ,1.608764 ,1.610673 ,1.611208 ,1.611709 ,1.613948 ,1.614047 ,1.616707 ,1.621840 ,1.622482 ,1.627173 ,1.627991 ,1.633138 ,1.642003 ,0,0,0,0,0,0.03,0.28,0.60,0.80,0.904,0.947,0.969,0.980,0.987,0.989,0.991,0.993,0.995,0.997,0.996,0.995,0.996,0.998,0.997,0.995,0.996,0.992,0.994,0.989,0.980,0.940,0.88
11,S-BSM10,623570,625568,1.592707 ,1.598090 ,1.603863 ,1.608983 ,1.610689 ,1.613679 ,1.615730 ,1.617611 ,1.619489 ,1.620015 ,1.620507 ,1.622702 ,1.622799 ,1.625401 ,1.630405 ,1.631029 ,1.635578 ,1.636369 ,1.641329 ,1.649797 ,0,0,0,0.08,0.31,0.57,0.75,0.86,0.929,0.962,0.977,0.986,0.991,0.994,0.995,0.996,0.997,0.998,0.998,0.998,0.997,0.998,0.998,0.998,0.997,0.997,0.990,0.993,0.985,0.971,0.913,0.82
12,S-BSM14,603607,605604,1.573000 ,1.578797 ,1.584908 ,1.590128 ,1.591804 ,1.594671 ,1.596597 ,1.598346 ,1.600079 ,1.600562 ,1.601014 ,1.603023 ,1.603112 ,1.605484 ,1.610024 ,1.610589 ,1.614696 ,1.615409 ,1.619870 ,1.627452 ,0,0,0,0.17,0.45,0.68,0.82,0.906,0.948,0.968,0.980,0.987,0.991,0.994,0.994,0.995,0.996,0.997,0.998,0.998,0.998,0.998,0.999,0.998,0.998,0.998,0.990,0.995,0.988,0.976,0.919,0.81
13,S-BSM15,623582,626579,1.592358 ,1.597974 ,1.603995 ,1.609268 ,1.610998 ,1.613994 ,1.616030 ,1.617889 ,1.619739 ,1.620257 ,1.620740 ,1.622897 ,1.622992 ,1.625545 ,1.630450 ,1.631062 ,1.635521 ,1.636296 ,1.641162 ,1.649482 ,0,0,0,0,0,0.13,0.44,0.70,0.85,0.926,0.959,0.976,0.985,0.991,0.992,0.994,0.995,0.997,0.998,0.997,0.997,0.998,0.998,0.998,0.998,0.998,0.991,0.994,0.987,0.973,0.918,0.81
14,S-BSM16,620603,623601,1.589567 ,1.595450 ,1.601678 ,1.607023 ,1.608745 ,1.611695 ,1.613681 ,1.615486 ,1.617276 ,1.617775 ,1.618242 ,1.620319 ,1.620411 ,1.622865 ,1.627566 ,1.628151 ,1.632410 ,1.633150 ,1.637782 ,1.645670 ,0,0,0,0.01,0.18,0.49,0.72,0.85,0.924,0.959,0.976,0.984,0.989,0.992,0.993,0.994,0.996,0.997,0.999,0.998,0.997,0.998,0.999,0.999,0.999,0.999,0.992,0.995,0.987,0.972,0.911,0.79
15,S-BSM18,639554,641551,1.607787 ,1.613142 ,1.618917 ,1.624110 ,1.625863 ,1.628964 ,1.631105 ,1.633078 ,1.635051 ,1.635605 ,1.636123 ,1.638437 ,1.638539 ,1.641287 ,1.646582 ,1.647243 ,1.652067 ,1.652906 ,1.658177 ,1.667197 ,0,0,0,0.08,0.31,0.57,0.75,0.86,0.929,0.961,0.977,0.985,0.990,0.993,0.994,0.995,0.996,0.997,0.998,0.998,0.998,0.998,0.998,0.998,0.997,0.997,0.993,0.994,0.986,0.973,0.924,0.84
16,S-BSM22,622532,625529,1.591568 ,1.596869 ,1.602603 ,1.607779 ,1.609533 ,1.612641 ,1.614793 ,1.616779 ,1.618770 ,1.619329 ,1.619852 ,1.622193 ,1.622296 ,1.625083 ,1.630474 ,1.631150 ,1.636096 ,1.636960 ,1.642411 ,1.651854 ,0,0,0,0,0,0,0.08,0.37,0.65,0.81,0.901,0.942,0.964,0.981,0.985,0.988,0.991,0.994,0.997,0.995,0.994,0.996,0.998,0.998,0.997,0.998,0.993,0.995,0.990,0.980,0.938,0.87
17,S-BSM25,658509,662506,1.626133 ,1.631451 ,1.637266 ,1.642641 ,1.644504 ,1.647850 ,1.650192 ,1.652366 ,1.654553 ,1.655168 ,1.655744 ,1.658327 ,1.658441 ,1.661522 ,1.667495 ,1.668244 ,1.673732 ,1.674691 ,1.680740 ,1.691207 ,0,0,0,0,0,0.03,0.19,0.48,0.71,0.84,0.910,0.945,0.964,0.980,0.984,0.988,0.991,0.994,0.996,0.995,0.995,0.996,0.997,0.997,0.996,0.997,0.995,0.995,0.989,0.980,0.947,0.87
18,S-BSM28,618498,621495,1.586525 ,1.591726 ,1.597396 ,1.602601 ,1.604393 ,1.607600 ,1.609839 ,1.611916 ,1.614005 ,1.614593 ,1.615144 ,1.617613 ,1.617722 ,1.620671 ,1.626406 ,1.627127 ,1.632424 ,1.633354 ,1.639236 ,1.649533 ,0,0,0,0,0,0,0.02,0.24,0.54,0.74,0.85,0.918,0.950,0.975,0.982,0.987,0.990,0.993,0.997,0.996,0.996,0.997,0.997,0.997,0.996,0.996,0.994,0.995,0.988,0.978,0.944,0.88
19,S-BSM71,649530,651527,1.616566 ,1.622049 ,1.627986 ,1.633359 ,1.635184 ,1.638422 ,1.640665 ,1.642737 ,1.644815 ,1.645399 ,1.645945 ,1.648390 ,1.648498 ,1.651410 ,1.657046 ,1.657752 ,1.662927 ,1.663831 ,1.669537 ,1.679430 ,0,0,0,0,0,0,0.15,0.47,0.72,0.86,0.926,0.958,0.973,0.985,0.988,0.990,0.993,0.995,0.998,0.997,0.996,0.997,0.998,0.998,0.997,0.997,0.993,0.993,0.985,0.972,0.925,0.82
20,S-BSM81,640601,643599,1.603848 ,1.611382 ,1.619168 ,1.625552 ,1.627518 ,1.630785 ,1.632926 ,1.634845 ,1.636728 ,1.637252 ,1.637740 ,1.639904 ,1.639999 ,1.642540 ,1.647381 ,1.647982 ,1.652345 ,1.653102 ,1.657832 ,1.665863 ,0,0.01,0.03,0.10,0.21,0.38,0.56,0.71,0.82,0.89,0.934,0.957,0.970,0.981,0.985,0.989,0.992,0.995,0.995,0.992,0.993,0.995,0.997,0.997,0.996,0.996,0.993,0.994,0.985,0.961,0.87,0.61
21,S-NSL 3,518590,520586,1.492729 ,1.497466 ,1.502520 ,1.506916 ,1.508350 ,1.510826 ,1.512504 ,1.514034 ,1.515556 ,1.515981 ,1.516379 ,1.518151 ,1.518229 ,1.520326 ,1.524354 ,1.524856 ,1.528518 ,1.529155 ,1.533151 ,1.539987 ,0,0,0,0,0.15,0.53,0.80,0.924,0.968,0.984,0.990,0.995,0.997,0.997,0.997,0.997,0.998,0.998,0.999,0.999,0.998,0.998,0.998,0.998,0.997,0.997,0.992,0.991,0.968,0.930,0.86,0.81
22,S-NSL 5,522598,525596,1.495918 ,1.501037 ,1.506456 ,1.511083 ,1.512564 ,1.515088 ,1.516780 ,1.518314 ,1.519834 ,1.520258 ,1.520654 ,1.522416 ,1.522494 ,1.524576 ,1.528566 ,1.529063 ,1.532686 ,1.533316 ,1.537268 ,1.544031 ,0,0,0,0,0.04,0.32,0.67,0.86,0.941,0.972,0.984,0.992,0.995,0.996,0.996,0.996,0.997,0.998,0.998,0.998,0.997,0.998,0.998,0.998,0.998,0.997,0.988,0.992,0.972,0.939,0.86,0.81
23,S-NSL36,517524,520522,1.490037 ,1.495009 ,1.500335 ,1.505014 ,1.506557 ,1.509244 ,1.511079 ,1.512763 ,1.514444 ,1.514916 ,1.515357 ,1.517330 ,1.517417 ,1.519765 ,1.524313 ,1.524884 ,1.529071 ,1.529804 ,1.534439 ,1.542519 ,0,0,0,0,0,0,0.18,0.57,0.81,0.917,0.960,0.980,0.989,0.995,0.996,0.997,0.998,0.998,0.999,0.999,0.998,0.998,0.999,0.998,0.998,0.998,0.996,0.994,0.978,0.950,0.89,0.86
24,S-BAL 2,571508,574505,1.542397 ,1.547207 ,1.552441 ,1.557224 ,1.558863 ,1.561790 ,1.563829 ,1.565717 ,1.567616 ,1.568149 ,1.568649 ,1.570890 ,1.570989 ,1.573663 ,1.578856 ,1.579508 ,1.584298 ,1.585137 ,1.590445 ,1.599717 ,0,0,0,0,0,0,0.10,0.47,0.76,0.89,0.947,0.971,0.983,0.992,0.993,0.995,0.996,0.997,0.998,0.998,0.998,0.998,0.998,0.998,0.997,0.997,0.992,0.992,0.976,0.951,0.89,0.84
25,S-BAL 3,571530,574527,1.543615 ,1.548310 ,1.553410 ,1.558059 ,1.559649 ,1.562482 ,1.564452 ,1.566275 ,1.568105 ,1.568619 ,1.569100 ,1.571256 ,1.571351 ,1.573920 ,1.578895 ,1.579519 ,1.584088 ,1.584887 ,1.589928 ,1.598671 ,0,0,0,0,0,0.01,0.26,0.63,0.84,0.928,0.963,0.979,0.988,0.994,0.994,0.995,0.996,0.997,0.998,0.998,0.998,0.998,0.998,0.998,0.997,0.996,0.991,0.990,0.972,0.945,0.88,0.83
26,S-BAL11,573578,575575,1.543940 ,1.549224 ,1.554863 ,1.559778 ,1.561386 ,1.564166 ,1.566053 ,1.567776 ,1.569489 ,1.569968 ,1.570416 ,1.572413 ,1.572501 ,1.574864 ,1.579404 ,1.579970 ,1.584096 ,1.584814 ,1.589316 ,1.597011 ,0,0,0,0,0.01,0.24,0.61,0.84,0.932,0.967,0.982,0.989,0.993,0.995,0.996,0.997,0.998,0.998,0.999,0.999,0.998,0.999,0.999,0.999,0.998,0.998,0.989,0.995,0.988,0.979,0.929,0.89
27,S-BAL12,540595,542592,1.513584 ,1.518477 ,1.523703 ,1.528254 ,1.529738 ,1.532301 ,1.534038 ,1.535621 ,1.537194 ,1.537634 ,1.538045 ,1.539875 ,1.539956 ,1.542121 ,1.546275 ,1.546792 ,1.550561 ,1.551216 ,1.555321 ,1.562323 ,0,0,0.02,0.23,0.57,0.80,0.914,0.959,0.979,0.989,0.992,0.995,0.997,0.997,0.997,0.997,0.998,0.999,0.999,0.999,0.998,0.999,0.999,0.999,0.999,0.999,0.993,0.995,0.983,0.966,0.920,0.89
28,S-BAL14,569563,571561,1.540496 ,1.545650 ,1.551164 ,1.556011 ,1.557611 ,1.560398 ,1.562299 ,1.564039 ,1.565775 ,1.566261 ,1.566715 ,1.568742 ,1.568832 ,1.571237 ,1.575867 ,1.576446 ,1.580670 ,1.581406 ,1.586035 ,1.594001 ,0,0,0,0,0,0.09,0.44,0.74,0.88,0.946,0.970,0.983,0.989,0.992,0.993,0.994,0.995,0.997,0.998,0.998,0.997,0.998,0.998,0.998,0.997,0.997,0.989,0.993,0.983,0.967,0.914,0.86
29,S-BAL35,589612,591609,1.559587 ,1.565309 ,1.571343 ,1.576483 ,1.578127 ,1.580927 ,1.582804 ,1.584505 ,1.586188 ,1.586657 ,1.587095 ,1.589044 ,1.589130 ,1.591429 ,1.595824 ,1.596371 ,1.600344 ,1.601034 ,1.605348 ,1.612681 ,0,0,0.01,0.16,0.43,0.67,0.82,0.904,0.949,0.972,0.983,0.989,0.993,0.995,0.995,0.996,0.997,0.998,0.999,0.998,0.998,0.999,0.999,0.998,0.998,0.998,0.984,0.994,0.987,0.972,0.89,0.80
30,S-BAL41,564607,566604,1.535298 ,1.540832 ,1.546668 ,1.551635 ,1.553222 ,1.555926 ,1.557736 ,1.559377 ,1.561001 ,1.561453 ,1.561876 ,1.563756 ,1.563839 ,1.566056 ,1.570295 ,1.570822 ,1.574652 ,1.575316 ,1.579471 ,1.586524 ,0,0,0.05,0.25,0.51,0.72,0.85,0.925,0.960,0.978,0.985,0.990,0.993,0.994,0.994,0.995,0.997,0.998,0.999,0.998,0.997,0.998,0.998,0.998,0.997,0.997,0.987,0.993,0.984,0.971,0.908,0.83
31,S-BAL42,583594,585591,1.554629 ,1.559924 ,1.565571 ,1.570481 ,1.572083 ,1.574851 ,1.576726 ,1.578437 ,1.580139 ,1.580614 ,1.581058 ,1.583039 ,1.583126 ,1.585468 ,1.589960 ,1.590519 ,1.594590 ,1.595297 ,1.599721 ,1.607243 ,0,0.03,0.15,0.36,0.58,0.75,0.86,0.932,0.964,0.979,0.986,0.991,0.993,0.995,0.995,0.996,0.997,0.998,0.999,0.998,0.998,0.998,0.998,0.997,0.997,0.997,0.987,0.994,0.985,0.973,0.917,0.86
32,S-BAM 3,583464,586461,1.551752 ,1.556855 ,1.562419 ,1.567548 ,1.569323 ,1.572514 ,1.574751 ,1.576831 ,1.578930 ,1.579521 ,1.580075 ,1.582563 ,1.582673 ,1.585655 ,1.591481 ,1.592217 ,1.597643 ,1.598599 ,1.604686 ,1.615511 ,0,0,0,0,0,0,0,0.11,0.44,0.71,0.85,0.92,0.954,0.979,0.986,0.989,0.992,0.994,0.997,0.997,0.996,0.997,0.998,0.998,0.998,0.997,0.991,0.993,0.981,0.964,0.911,0.87
33,S-BAM 4,606437,609434,1.573512 ,1.578498 ,1.584017 ,1.589263 ,1.591127 ,1.594533 ,1.596950 ,1.599214 ,1.601507 ,1.602155 ,1.602763 ,1.605498 ,1.605620 ,1.608909 ,1.615364 ,1.616181 ,1.622224 ,1.623291 ,1.630102 ,1.642283 ,0,0,0,0,0,0,0,0.06,0.41,0.72,0.87,0.938,0.965,0.986,0.991,0.991,0.993,0.995,0.998,0.997,0.996,0.997,0.999,0.998,0.998,0.998,0.995,0.994,0.980,0.962,0.919,0.89
34,S-BAM12,639449,643446,1.604797 ,1.610398 ,1.616533 ,1.622234 ,1.624221 ,1.627808 ,1.630332 ,1.632682 ,1.635057 ,1.635726 ,1.636354 ,1.639175 ,1.639300 ,1.642684 ,1.649304 ,1.650140 ,1.656313 ,1.657401 ,1.664330 ,1.676645 ,0,0,0,0,0,0,0,0.13,0.49,0.75,0.87,0.928,0.955,0.977,0.983,0.987,0.990,0.993,0.997,0.996,0.996,0.997,0.998,0.998,0.998,0.998,0.992,0.995,0.987,0.976,0.932,0.86
35,S-BAH10,670473,673470,1.635456 ,1.641080 ,1.647222 ,1.652929 ,1.654922 ,1.658521 ,1.661053 ,1.663410 ,1.665788 ,1.666457 ,1.667086 ,1.669904 ,1.670029 ,1.673402 ,1.679974 ,1.680802 ,1.686888 ,1.687957 ,1.694731 ,1.706627 ,0,0,0,0,0,0,0.01,0.19,0.48,0.70,0.83,0.902,0.939,0.969,0.979,0.984,0.989,0.993,0.997,0.996,0.996,0.997,0.998,0.997,0.997,0.998,0.996,0.996,0.991,0.981,0.949,0.85
36,S-BAH11,667483,670480,1.633279 ,1.638660 ,1.644562 ,1.650079 ,1.652013 ,1.655513 ,1.657978 ,1.660273 ,1.662589 ,1.663241 ,1.663853 ,1.666596 ,1.666718 ,1.670000 ,1.676386 ,1.677189 ,1.683090 ,1.684125 ,1.690674 ,1.702127 ,0,0,0,0,0,0,0.04,0.27,0.56,0.75,0.86,0.922,0.952,0.975,0.982,0.987,0.991,0.994,0.997,0.995,0.995,0.996,0.997,0.997,0.997,0.998,0.994,0.995,0.988,0.976,0.936,0.84
37,S-BAH27,702412,706410,1.662531 ,1.668584 ,1.675260 ,1.681603 ,1.683862 ,1.687999 ,1.690942 ,1.693702 ,1.696503 ,1.697295 ,1.698038 ,1.701387 ,1.701536 ,1.705571 ,1.713515 ,1.714523 ,1.721999 ,1.723323 ,1.731803 ,1.747120 ,0,0,0,0,0,0,0,0,0.16,0.47,0.70,0.83,0.89,0.955,0.971,0.979,0.985,0.989,0.995,0.994,0.994,0.996,0.998,0.998,0.998,0.998,0.993,0.994,0.987,0.974,0.921,0.81
38,S-BAH28,723380,728377,1.681981 ,1.688085 ,1.694901 ,1.701542 ,1.703959 ,1.708444 ,1.711670 ,1.714713 ,1.717816 ,1.718695 ,1.719522 ,1.723254 ,1.723420 ,1.727935 ,1.736876 ,1.738015 ,1.746493 ,1.748000 ,1.757689 ,,0,0,0,0,0,0,0,0,0.06,0.32,0.58,0.75,0.85,0.934,0.963,0.975,0.982,0.987,0.994,0.995,0.995,0.996,0.998,0.998,0.998,0.998,0.994,0.995,0.990,0.979,0.938,0.84
39,S-BAH32,670393,674390,1.631340 ,1.637279 ,1.643858 ,1.650132 ,1.652372 ,1.656479 ,1.659407 ,1.662155 ,1.664949 ,1.665740 ,1.666482 ,1.669830 ,1.669979 ,1.674022 ,1.682010 ,1.683027 ,1.690586 ,1.691929 ,1.700561 ,1.716299 ,0,0,0,0,0,0,0,0,0.16,0.51,0.74,0.85,0.910,0.955,0.971,0.978,0.984,0.988,0.994,0.994,0.994,0.996,0.998,0.997,0.997,0.996,0.992,0.993,0.988,0.980,0.948,0.88
40,S-PHM52,618634,620630,1.591081 ,1.595874 ,1.601028 ,1.605612 ,1.607143 ,1.609826 ,1.611666 ,1.613353 ,1.615036 ,1.615507 ,1.615948 ,1.617913 ,1.618000 ,1.620327 ,1.624794 ,1.625351 ,1.629400 ,1.630103 ,1.634506 ,1.641994 ,0,0,0,0,0,0.05,0.25,0.51,0.72,0.85,0.923,0.957,0.974,0.986,0.990,0.992,0.994,0.996,0.998,0.998,0.998,0.998,0.997,0.996,0.996,0.996,0.996,0.991,0.979,0.961,0.926,0.89
41,S-PHM53,603655,605651,1.575829 ,1.580921 ,1.586338 ,1.591032 ,1.592559 ,1.595189 ,1.596966 ,1.598584 ,1.600189 ,1.600637 ,1.601056 ,1.602919 ,1.603001 ,1.605200 ,1.609404 ,1.609926 ,1.613722 ,1.614381 ,1.618495 ,1.625471 ,0,0,0,0.03,0.10,0.25,0.45,0.64,0.78,0.88,0.935,0.963,0.977,0.986,0.987,0.989,0.992,0.994,0.998,0.997,0.996,0.996,0.997,0.997,0.996,0.997,0.993,0.987,0.967,0.941,0.87,0.83
42,S-TIL 1,548458,551455,1.517972 ,1.523073 ,1.528609 ,1.533648 ,1.535370 ,1.538442 ,1.540584 ,1.542570 ,1.544572 ,1.545135 ,1.545664 ,1.548036 ,1.548141 ,1.550984 ,1.556544 ,1.557247 ,1.562436 ,1.563351 ,1.569184 ,1.579587 ,0,0,0,0,0,0,0.01,0.29,0.69,0.87,0.944,0.972,0.984,0.992,0.994,0.995,0.996,0.997,0.998,0.998,0.998,0.998,0.998,0.998,0.997,0.997,0.996,0.993,0.977,0.948,0.89,0.85
43,S-TIL 2,541472,543469,1.511176 ,1.516261 ,1.521761 ,1.526724 ,1.528406 ,1.531389 ,1.533458 ,1.535372 ,1.537297 ,1.537838 ,1.538345 ,1.540619 ,1.540720 ,1.543440 ,1.548746 ,1.549415 ,1.554348 ,1.555216 ,1.560737 ,1.570524 ,0,0,0,0,0,0,0.04,0.32,0.66,0.84,0.925,0.962,0.979,0.990,0.994,0.995,0.996,0.997,0.998,0.998,0.997,0.998,0.999,0.998,0.997,0.997,0.997,0.995,0.987,0.970,0.942,0.917
44,S-TIL 6,532489,534485,1.502923 ,1.507971 ,1.513421 ,1.518293 ,1.519927 ,1.522804 ,1.524789 ,1.526620 ,1.528456 ,1.528972 ,1.529455 ,1.531621 ,1.531717 ,1.534304 ,1.539343 ,1.539978 ,1.544651 ,1.545473 ,1.550689 ,1.559891 ,0,0,0,0,0,0,0.07,0.44,0.74,0.88,0.948,0.973,0.985,0.990,0.989,0.990,0.991,0.993,0.994,0.994,0.992,0.996,0.998,0.997,0.997,0.996,0.995,0.993,0.977,0.947,0.89,0.85
45,S-TIL25,581407,585405,1.547413 ,1.552919 ,1.558952 ,1.564559 ,1.566513 ,1.570047 ,1.572537 ,1.574862 ,1.577216 ,1.577881 ,1.578505 ,1.581314 ,1.581439 ,1.584822 ,1.591486 ,1.592332 ,1.598613 ,1.599726 ,1.606866 ,1.619792 ,0,0,0,0,0,0,0,0.01,0.28,0.65,0.85,0.929,0.964,0.986,0.991,0.993,0.994,0.995,0.998,0.998,0.997,0.998,0.999,0.999,0.998,0.998,0.994,0.994,0.981,0.963,0.911,0.89
46,S-TIL26,567428,570425,1.534928 ,1.540278 ,1.546109 ,1.551475 ,1.553331 ,1.556667 ,1.559007 ,1.561186 ,1.563386 ,1.564007 ,1.564589 ,1.567206 ,1.567322 ,1.570466 ,1.576636 ,1.577418 ,1.583205 ,1.584229 ,1.590775 ,1.602558 ,0,0,0,0,0,0,0,0.07,0.44,0.74,0.88,0.945,0.971,0.989,0.993,0.995,0.995,0.997,0.998,0.998,0.997,0.998,0.999,0.998,0.998,0.998,0.995,0.993,0.977,0.950,0.89,0.86
47,S-TIL27,575415,578412,1.541618 ,1.547072 ,1.553037 ,1.558554 ,1.560469 ,1.563921 ,1.566349 ,1.568613 ,1.570902 ,1.571549 ,1.572155 ,1.574885 ,1.575006 ,1.578291 ,1.584756 ,1.585577 ,1.591666 ,1.592745 ,1.599663 ,1.612185 ,0,0,0,0,0,0,0,0.05,0.44,0.78,0.913,0.961,0.979,0.990,0.993,0.994,0.995,0.996,0.998,0.998,0.998,0.998,0.999,0.999,0.998,0.998,0.994,0.993,0.978,0.955,0.89,0.87
48,S-TIM 1,626357,630354,1.587695 ,1.593374 ,1.599700 ,1.605829 ,1.608050 ,1.612162 ,1.615115 ,1.617901 ,1.620743 ,1.621549 ,1.622306 ,1.625729 ,1.625882 ,1.630031 ,1.638275 ,1.639329 ,1.647201 ,1.648607 ,1.657693 ,1.674539 ,0,0,0,0,0,0,0,0,0.09,0.47,0.76,0.89,0.945,0.977,0.984,0.987,0.990,0.992,0.997,0.997,0.996,0.997,0.998,0.998,0.998,0.998,0.993,0.993,0.980,0.965,0.917,0.89
49,S-TIM 2,620363,624360,1.582398 ,1.588056 ,1.594349 ,1.600413 ,1.602598 ,1.606633 ,1.609524 ,1.612248 ,1.615024 ,1.615811 ,1.616551 ,1.619892 ,1.620041 ,1.624088 ,1.632123 ,1.633150 ,1.640810 ,1.642176 ,1.650998 ,1.667281 ,0,0,0,0,0,0,0,0,0.08,0.44,0.73,0.87,0.942,0.978,0.987,0.990,0.992,0.994,0.997,0.997,0.996,0.997,0.999,0.999,0.999,0.999,0.995,0.995,0.984,0.971,0.930,0.914
50,S-TIM 3,613370,617367,1.575891 ,1.581542 ,1.587810 ,1.593807 ,1.595953 ,1.599898 ,1.602715 ,1.605365 ,1.608062 ,1.608826 ,1.609544 ,1.612785 ,1.612929 ,1.616851 ,1.624626 ,1.625618 ,1.633018 ,1.634336 ,1.642842 ,1.658503 ,0,0,0,0,0,0,0,0,0.13,0.53,0.79,0.907,0.950,0.976,0.984,0.986,0.989,0.992,0.996,0.996,0.995,0.997,0.999,0.998,0.996,0.996,0.994,0.994,0.983,0.971,0.929,0.913
51,S-TIM 5,603380,607378,1.567531 ,1.573060 ,1.579177 ,1.585003 ,1.587081 ,1.590890 ,1.593605 ,1.596155 ,1.598748 ,1.599482 ,1.600171 ,1.603281 ,1.603420 ,1.607179 ,1.614616 ,1.615564 ,1.622620 ,1.623875 ,1.631956 ,1.646755 ,0,0,0,0,0,0,0,0,0.19,0.60,0.84,0.931,0.963,0.984,0.989,0.991,0.993,0.995,0.997,0.997,0.997,0.997,0.999,0.998,0.998,0.998,0.994,0.994,0.982,0.966,0.923,0.902
52,S-TIM 8,596392,599390,1.560749 ,1.566151 ,1.572121 ,1.577784 ,1.579796 ,1.583474 ,1.586088 ,1.588540 ,1.591030 ,1.591734 ,1.592396 ,1.595376 ,1.595509 ,1.599106 ,1.606206 ,1.607109 ,1.613821 ,1.615013 ,1.622670 ,1.636613 ,0,0,0,0,0,0,0,0.02,0.27,0.64,0.84,0.928,0.962,0.982,0.988,0.990,0.992,0.994,0.997,0.997,0.996,0.997,0.998,0.997,0.996,0.996,0.994,0.993,0.983,0.968,0.935,0.915
53,S-TIM22,648338,652335,1.607527 ,1.613254 ,1.619709 ,1.626090 ,1.628438 ,1.632827 ,1.636004 ,1.639015 ,1.642096 ,1.642971 ,1.643795 ,1.647522 ,1.647689 ,1.652221 ,1.661263 ,1.662422 ,1.671094 ,1.672645 ,1.682687 ,,0,0,0,0,0,0,0,0,0.04,0.37,0.70,0.86,0.928,0.970,0.981,0.986,0.989,0.991,0.996,0.996,0.995,0.996,0.998,0.997,0.997,0.996,0.993,0.991,0.981,0.970,0.934,0.916
54,S-TIM25,673321,678318,1.629881 ,1.635832 ,1.642578 ,1.649330 ,1.651841 ,1.656562 ,1.659996 ,1.663260 ,1.666607 ,1.667559 ,1.668455 ,1.672518 ,1.672700 ,1.677651 ,1.687564 ,1.688839 ,1.698400 ,1.700114 ,1.711258 ,,0,0,0,0,0,0,0,0,0.01,0.24,0.60,0.80,0.89,0.957,0.974,0.981,0.986,0.989,0.995,0.996,0.995,0.996,0.999,0.998,0.998,0.998,0.995,0.995,0.987,0.977,0.944,0.930
55,S-TIM27,640345,644342,1.600365 ,1.606078 ,1.612492 ,1.618783 ,1.621083 ,1.625367 ,1.628459 ,1.631384 ,1.634375 ,1.635224 ,1.636023 ,1.639637 ,1.639799 ,1.644189 ,1.652939 ,1.654059 ,1.662436 ,1.663933 ,1.673613 ,,0,0,0,0,0,0,0,0,0.05,0.41,0.73,0.87,0.935,0.973,0.983,0.987,0.990,0.992,0.997,0.997,0.996,0.997,0.999,0.998,0.998,0.998,0.995,0.994,0.984,0.973,0.936,0.919
56,S-TIM28,689311,694308,1.644633 ,1.650622 ,1.657451 ,1.664381 ,1.666988 ,1.671922 ,1.675529 ,1.678965 ,1.682495 ,1.683500 ,1.684446 ,1.688739 ,1.688931 ,1.694167 ,1.704665 ,1.706016 ,1.716155 ,1.717975 ,1.729809 ,,0,0,0,0,0,0,0,0,0.01,0.23,0.58,0.79,0.88,0.951,0.970,0.978,0.983,0.987,0.994,0.995,0.994,0.995,0.998,0.998,0.998,0.998,0.996,0.996,0.989,0.983,0.961,0.948
57,S-TIM35,699301,704299,1.652825 ,1.659053 ,1.666150 ,1.673353 ,1.676064 ,1.681201 ,1.684959 ,1.688541 ,1.692225 ,1.693274 ,1.694262 ,1.698746 ,1.698947 ,1.704424 ,1.715424 ,1.716841 ,1.727496 ,1.729412 ,1.741890 ,,0,0,0,0,0,0,0,0,0,0.14,0.48,0.72,0.84,0.939,0.964,0.974,0.981,0.986,0.994,0.994,0.993,0.995,0.998,0.999,0.999,0.999,0.995,0.995,0.988,0.980,0.942,0.931
58,S-TIM39,667330,672328,1.625674 ,1.631322 ,1.637764 ,1.644253 ,1.646673 ,1.651229 ,1.654544 ,1.657694 ,1.660925 ,1.661843 ,1.662708 ,1.666625 ,1.666800 ,1.671568 ,1.681098 ,1.682320 ,1.691476 ,1.693115 ,1.703731 ,,0,0,0,0,0,0,0,0,0.03,0.33,0.66,0.82,0.906,0.962,0.973,0.980,0.985,0.989,0.994,0.995,0.994,0.995,0.998,0.999,0.998,0.998,0.995,0.994,0.983,0.971,0.937,0.913
59,S-TIH 1,717295,723293,1.670184 ,1.676356 ,1.683442 ,1.690749 ,1.693534 ,1.698847 ,1.702753 ,1.706486 ,1.710332 ,1.711428 ,1.712461 ,1.717152 ,1.717362 ,1.723098 ,1.734635 ,1.736122 ,1.747318 ,1.749332 ,1.762468 ,,0,0,0,0,0,0,0,0,0,0.19,0.56,0.78,0.88,0.952,0.971,0.978,0.982,0.987,0.994,0.994,0.991,0.993,0.998,0.999,0.998,0.998,0.996,0.995,0.988,0.981,0.957,0.941
60,S-TIH 3,740283,746281,1.690654 ,1.696852 ,1.704052 ,1.711625 ,1.714553 ,1.720183 ,1.724345 ,1.728335 ,1.732453 ,1.733628 ,1.734736 ,1.739772 ,1.739998 ,1.746167 ,1.758605 ,1.760212 ,1.772320 ,1.774502 ,1.788756 ,,0,0,0,0,0,0,0,0,0,0.16,0.51,0.74,0.85,0.940,0.964,0.975,0.981,0.986,0.994,0.994,0.993,0.995,0.999,0.999,0.999,0.999,0.997,0.996,0.988,0.980,0.955,0.933
61,S-TIH 4,755275,762273,1.704300 ,1.710541 ,1.717840 ,1.725607 ,1.728636 ,1.734483 ,1.738822 ,1.742988 ,1.747295 ,1.748525 ,1.749685 ,1.754962 ,1.755199 ,1.761671 ,1.774745 ,1.776436 ,1.789195 ,1.791497 ,1.806556 ,,0,0,0,0,0,0,0,0,0,0.12,0.45,0.70,0.82,0.929,0.962,0.973,0.980,0.986,0.995,0.994,0.993,0.995,0.999,0.999,0.999,0.997,0.995,0.994,0.987,0.981,0.961,0.942
62,S-TIH 6,805254,813252,1.749170 ,1.755582 ,1.763205 ,1.771596 ,1.774951 ,1.781515 ,1.786433 ,1.791180 ,1.796106 ,1.797515 ,1.798845 ,1.804908 ,1.805181 ,1.812641 ,1.827775 ,1.829738 ,1.844597 ,1.847286 ,1.864939 ,,0,0,0,0,0,0,0,0,0,0.12,0.48,0.70,0.82,0.919,0.955,0.970,0.978,0.984,0.993,0.995,0.994,0.996,0.998,0.998,0.998,0.998,0.997,0.995,0.986,0.978,0.958,0.928
63,S-TIH10,728285,734282,1.679341 ,1.685617 ,1.692863 ,1.700404 ,1.703297 ,1.708836 ,1.712921 ,1.716831 ,1.720865 ,1.722015 ,1.723100 ,1.728029 ,1.728250 ,1.734286 ,1.746453 ,1.748024 ,1.759868 ,1.762002 ,1.775945 ,,0,0,0,0,0,0,0,0,0,0.09,0.41,0.67,0.81,0.931,0.963,0.975,0.982,0.987,0.994,0.995,0.993,0.994,0.998,0.998,0.998,0.998,0.994,0.993,0.985,0.977,0.947,0.929
64,S-TIH11,785257,792255,1.729984 ,1.736390 ,1.743970 ,1.752219 ,1.755489 ,1.761860 ,1.766619 ,1.771208 ,1.775965 ,1.777325 ,1.778609 ,1.784460 ,1.784723 ,1.791920 ,1.806519 ,1.808413 ,1.822749 ,1.825344 ,1.842388 ,,0,0,0,0,0,0,0,0,0,0.08,0.40,0.66,0.80,0.915,0.948,0.964,0.973,0.980,0.992,0.992,0.990,0.992,0.998,0.998,0.999,0.999,0.997,0.996,0.989,0.982,0.964,0.942
65,S-TIH13,741278,747276,1.690624 ,1.696934 ,1.704249 ,1.711933 ,1.714904 ,1.720618 ,1.724845 ,1.728900 ,1.733089 ,1.734284 ,1.735411 ,1.740539 ,1.740769 ,1.747055 ,1.759746 ,1.761386 ,1.773762 ,1.775994 ,1.790587 ,,0,0,0,0,0,0,0,0,0,0.08,0.38,0.64,0.80,0.921,0.957,0.970,0.978,0.984,0.993,0.993,0.991,0.994,0.997,0.998,0.997,0.998,0.994,0.993,0.983,0.974,0.944,0.920
66,S-TIH14,762265,769263,1.709159 ,1.715540 ,1.723018 ,1.731019 ,1.734154 ,1.740223 ,1.744736 ,1.749076 ,1.753567 ,1.754851 ,1.756061 ,1.761573 ,1.761821 ,1.768591 ,1.782296 ,1.784072 ,1.797496 ,1.799923 ,1.815840 ,,0,0,0,0,0,0,0,0,0,0.1,0.43,0.70,0.84,0.934,0.960,0.971,0.977,0.983,0.993,0.993,0.990,0.992,0.997,0.999,0.999,0.999,0.997,0.996,0.988,0.982,0.961,0.942
67,S-TIH18,722292,727290,1.673842 ,1.680025 ,1.687150 ,1.694526 ,1.697343 ,1.702724 ,1.706684 ,1.710470 ,1.714371 ,1.715484 ,1.716532 ,1.721293 ,1.721507 ,1.727331 ,1.739054 ,1.740565 ,1.751947 ,1.753995 ,1.767353 ,,0,0,0,0,0,0,0,0,0,0.18,0.54,0.77,0.87,0.951,0.971,0.979,0.984,0.988,0.995,0.995,0.993,0.995,0.998,0.999,0.999,0.999,0.996,0.995,0.986,0.978,0.948,0.928
68,S-TIH23,785263,792261,1.731025 ,1.737316 ,1.744751 ,1.752843 ,1.756051 ,1.762302 ,1.766969 ,1.771466 ,1.776125 ,1.777458 ,1.778714 ,1.784439 ,1.784696 ,1.791730 ,1.805972 ,1.807817 ,1.821763 ,1.824284 ,1.840808 ,,0,0,0,0,0,0,0,0,0,0.12,0.44,0.67,0.80,0.906,0.947,0.962,0.972,0.979,0.992,0.992,0.991,0.993,0.998,0.998,0.998,0.999,0.997,0.996,0.988,0.981,0.962,0.937
69,S-TIH53,847238,855236,1.785191 ,1.791987 ,1.800130 ,1.809248 ,1.812938 ,1.820209 ,1.825682 ,1.830980 ,1.836488 ,1.838066 ,1.839556 ,1.846354 ,1.846660 ,1.855041 ,1.872096 ,1.874313 ,1.891137 ,1.894189 ,1.914294 ,,0,0,0,0,0,0,0,0,0,0.06,0.35,0.61,0.75,0.87,0.927,0.948,0.961,0.971,0.987,0.989,0.985,0.989,0.997,0.998,0.999,0.999,0.998,0.997,0.991,0.986,0.974,0.955
70,S-TIH53W,847238,855236,1.785191 ,1.791987 ,1.800130 ,1.809248 ,1.812938 ,1.820209 ,1.825682 ,1.830980 ,1.836488 ,1.838066 ,1.839556 ,1.846354 ,1.846660 ,1.855041 ,1.872096 ,1.874313 ,1.891137 ,1.894189 ,1.914294 ,,0,0,0,0,0,0,0,0,0,0.11 ,0.45 ,0.71 ,0.83 ,0.918 ,0.954 ,0.971 ,0.980 ,0.986 ,0.995 ,0.999 ,0.999 ,0.999 ,0.999 ,0.999 ,0.999 ,0.999 ,0.999 ,0.999 ,0.994 ,0.985 ,0.961 ,0.925
71,S-LAL 7,652585,654583,1.618503 ,1.624788 ,1.631435 ,1.637154 ,1.639003 ,1.642180 ,1.644323 ,1.646272 ,1.648207 ,1.648747 ,1.649251 ,1.651498 ,1.651597 ,1.654251 ,1.659336 ,1.659968 ,1.664574 ,1.665374 ,1.670384 ,1.678916 ,0.09,0.22,0.38,0.55,0.69,0.80,0.88,0.929,0.957,0.974,0.984,0.990,0.992,0.994,0.995,0.996,0.997,0.998,0.999,0.998,0.998,0.998,0.999,0.998,0.998,0.997,0.991,0.993,0.984,0.968,0.903,0.74
72,S-LAL 8,713539,716536,1.674178 ,1.681549 ,1.689301 ,1.695966 ,1.698128 ,1.701858 ,1.704383 ,1.706685 ,1.708974 ,1.709614 ,1.710212 ,1.712877 ,1.712995 ,1.716150 ,1.722210 ,1.722966 ,1.728476 ,1.729435 ,1.735451 ,1.745746 ,0,0.03,0.07,0.15,0.28,0.44,0.60,0.74,0.84,0.905,0.944,0.965,0.977,0.988,0.991,0.994,0.996,0.997,0.998,0.996,0.997,0.997,0.998,0.997,0.997,0.997,0.991,0.991,0.981,0.955,0.87,0.62
73,S-LAL 9,691548,694546,1.653431 ,1.660643 ,1.668220 ,1.674697 ,1.676785 ,1.680368 ,1.682785 ,1.684985 ,1.687169 ,1.687779 ,1.688350 ,1.690890 ,1.691002 ,1.694007 ,1.699774 ,1.700493 ,1.705731 ,1.706642 ,1.712356 ,1.722118 ,0,0.01,0.04,0.11,0.22,0.38,0.55,0.70,0.82,0.89,0.936,0.960,0.973,0.985,0.988,0.992,0.994,0.995,0.997,0.996,0.997,0.998,0.998,0.997,0.996,0.996,0.992,0.992,0.984,0.963,0.89,0.66
74,S-LAL10,720502,723500,1.681590 ,1.688407 ,1.695669 ,1.702130 ,1.704302 ,1.708137 ,1.710785 ,1.713226 ,1.715670 ,1.716356 ,1.716998 ,1.719868 ,1.719995 ,1.723409 ,1.730004 ,1.730830 ,1.736865 ,1.737918 ,1.744546 ,1.755969 ,0,0,0,0.07,0.22,0.40,0.58,0.72,0.83,0.89,0.937,0.959,0.972,0.983,0.988,0.991,0.994,0.996,0.998,0.997,0.998,0.998,0.998,0.998,0.998,0.998,0.997,0.996,0.990,0.971,0.922,0.71
75,S-LAL12,678553,681551,1.644138 ,1.650208 ,1.656691 ,1.662423 ,1.664333 ,1.667680 ,1.669976 ,1.672084 ,1.674188 ,1.674778 ,1.675329 ,1.677791 ,1.677900 ,1.680820 ,1.686438 ,1.687139 ,1.692251 ,1.693141 ,1.698721 ,1.708260 ,0.06,0.15,0.29,0.45,0.61,0.73,0.83,0.89,0.938,0.962,0.976,0.984,0.988,0.992,0.994,0.995,0.997,0.998,0.999,0.998,0.998,0.998,0.999,0.997,0.996,0.996,0.991,0.991,0.981,0.963,0.901,0.73
76,S-LAL13,694532,697530,1.656053 ,1.663043 ,1.670437 ,1.676848 ,1.678944 ,1.682576 ,1.685045 ,1.687301 ,1.689548 ,1.690176 ,1.690764 ,1.693385 ,1.693501 ,1.696607 ,1.702582 ,1.703328 ,1.708768 ,1.709715 ,1.715662 ,1.725849 ,0,0.01,0.03,0.08,0.19,0.34,0.52,0.68,0.80,0.88,0.932,0.958,0.972,0.986,0.990,0.993,0.995,0.996,0.997,0.995,0.995,0.996,0.997,0.996,0.995,0.995,0.990,0.990,0.981,0.958,0.88,0.66
77,S-LAL14,697555,700553,1.658205 ,1.665775 ,1.673694 ,1.680389 ,1.682522 ,1.686153 ,1.688585 ,1.690790 ,1.692974 ,1.693583 ,1.694152 ,1.696685 ,1.696797 ,1.699788 ,1.705522 ,1.706236 ,1.711436 ,1.712340 ,1.718005 ,1.727673 ,0.03,0.07,0.15,0.27,0.41,0.56,0.70,0.81,0.88,0.931,0.959,0.974,0.982,0.990,0.993,0.995,0.997,0.998,0.998,0.997,0.997,0.998,0.998,0.998,0.998,0.998,0.991,0.992,0.982,0.954,0.86,0.59
78,S-LAL18,729547,732544,1.689359 ,1.697005 ,1.705035 ,1.711896 ,1.714107 ,1.717901 ,1.720460 ,1.722789 ,1.725101 ,1.725747 ,1.726350 ,1.729038 ,1.729157 ,1.732336 ,1.738436 ,1.739196 ,1.744734 ,1.745696 ,1.751731 ,1.762031 ,0.04,0.21,0.30,0.32,0.55,0.68,0.78,0.86,0.912,0.946,0.967,0.978,0.984,0.991,0.994,0.996,0.997,0.998,0.999,0.998,0.999,0.999,0.998,0.998,0.997,0.996,0.991,0.991,0.982,0.956,0.87,0.60
79,S-LAL54,651562,654559,1.618926 ,1.624719 ,1.630895 ,1.636344 ,1.638155 ,1.641326 ,1.643500 ,1.645494 ,1.647485 ,1.648043 ,1.648564 ,1.650893 ,1.650996 ,1.653758 ,1.659076 ,1.659740 ,1.664586 ,1.665430 ,1.670729 ,1.679819 ,0,0,0,0,0,0.13,0.44,0.71,0.85,0.919,0.953,0.970,0.980,0.988,0.991,0.993,0.995,0.997,0.999,0.998,0.998,0.999,0.999,0.998,0.998,0.998,0.993,0.993,0.985,0.969,0.913,0.78
80,S-LAL56,678507,681505,1.644000 ,1.649681 ,1.655854 ,1.661510 ,1.663455 ,1.666937 ,1.669366 ,1.671617 ,1.673880 ,1.674516 ,1.675112 ,1.677780 ,1.677898 ,1.681080 ,1.687245 ,1.688018 ,1.693682 ,1.694672 ,1.700918 ,1.711740 ,0,0,0,0,0,0.01,0.18,0.51,0.74,0.86,0.928,0.958,0.975,0.986,0.990,0.993,0.995,0.997,0.998,0.997,0.997,0.998,0.999,0.998,0.998,0.997,0.993,0.993,0.986,0.973,0.928,0.81
81,S-LAL58,694508,697505,1.659977 ,1.665384 ,1.671331 ,1.676887 ,1.678828 ,1.682335 ,1.684797 ,1.687087 ,1.689393 ,1.690042 ,1.690650 ,1.693374 ,1.693495 ,1.696745 ,1.703042 ,1.703831 ,1.709604 ,1.710612 ,1.716955 ,1.727876 ,0,0,0,0,0.02,0.22,0.53,0.75,0.87,0.935,0.962,0.977,0.986,0.991,0.992,0.994,0.996,0.997,0.998,0.997,0.997,0.998,0.999,0.998,0.998,0.999,0.997,0.996,0.989,0.977,0.942,0.84
82,S-LAL59,734515,737512,1.693934 ,1.701303 ,1.709108 ,1.715926 ,1.718175 ,1.722095 ,1.724774 ,1.727229 ,1.729679 ,1.730365 ,1.731006 ,1.733870 ,1.733997 ,1.737395 ,1.743940 ,1.744757 ,1.750725 ,1.751764 ,1.758295 ,1.769498 ,0.02,0.11,0.20,0.34,0.48,0.62,0.74,0.83,0.89,0.934,0.959,0.973,0.982,0.990,0.993,0.995,0.997,0.998,0.999,0.998,0.998,0.998,0.999,0.998,0.997,0.997,0.994,0.994,0.986,0.964,0.905,0.65
83,S-LAL61,741527,744524,1.700158 ,1.707869 ,1.715978 ,1.722969 ,1.725246 ,1.729184 ,1.731856 ,1.734297 ,1.736727 ,1.737406 ,1.738041 ,1.740874 ,1.740999 ,1.744354 ,1.750805 ,1.751609 ,1.757479 ,1.758501 ,1.764914 ,1.775894 ,0,0.02,0.07,0.15,0.27,0.43,0.59,0.72,0.82,0.89,0.935,0.958,0.971,0.982,0.988,0.991,0.994,0.996,0.997,0.997,0.997,0.998,0.998,0.998,0.998,0.998,0.994,0.994,0.985,0.959,0.88,0.62
84,S-LAM 2,744448,748445,1.705965 ,1.711775 ,1.718197 ,1.724360 ,1.726576 ,1.730653 ,1.733560 ,1.736285 ,1.739048 ,1.739828 ,1.740560 ,1.743851 ,1.743997 ,1.747946 ,1.755661 ,1.756634 ,1.763797 ,1.765055 ,1.773041 ,1.787082 ,0,0,0,0,0,0,0.04,0.29,0.59,0.78,0.87,0.925,0.950,0.973,0.983,0.987,0.992,0.995,0.997,0.997,0.997,0.998,0.999,0.997,0.997,0.999,0.997,0.996,0.988,0.971,0.928,0.79
85,S-LAM 3,717479,721476,1.681329 ,1.686985 ,1.693196 ,1.699047 ,1.701115 ,1.704877 ,1.707538 ,1.710020 ,1.712528 ,1.713235 ,1.713898 ,1.716872 ,1.717004 ,1.720563 ,1.727489 ,1.728359 ,1.734754 ,1.735875 ,1.742960 ,1.755308 ,0,0,0,0,0,0,0.10,0.41,0.69,0.83,0.916,0.951,0.968,0.982,0.987,0.990,0.993,0.995,0.997,0.996,0.996,0.997,0.999,0.997,0.997,0.996,0.994,0.992,0.983,0.966,0.920,0.77
86,S-LAM 7,750353,755350,1.705826 ,1.711836 ,1.718657 ,1.725535 ,1.728108 ,1.732961 ,1.736492 ,1.739844 ,1.743275 ,1.744249 ,1.745166 ,1.749312 ,1.749497 ,1.754527 ,1.764518 ,1.765793 ,1.775295 ,1.776986 ,1.787870 ,,0,0,0,0,0,0,0,0,0.08,0.34,0.59,0.75,0.84,0.935,0.965,0.977,0.984,0.989,0.996,0.997,0.998,0.998,0.999,0.999,0.999,0.999,0.996,0.996,0.990,0.982,0.950,0.88
87,S-LAM51,700481,703478,1.664510 ,1.670239 ,1.676524 ,1.682390 ,1.684442 ,1.688151 ,1.690760 ,1.693188 ,1.695636 ,1.696325 ,1.696972 ,1.699869 ,1.699998 ,1.703462 ,1.710195 ,1.711042 ,1.717253 ,1.718342 ,1.725221 ,1.737213 ,0,0,0,0,0,0,0.14,0.45,0.70,0.84,0.914,0.948,0.966,0.980,0.985,0.989,0.992,0.995,0.997,0.996,0.996,0.997,0.997,0.997,0.996,0.996,0.995,0.995,0.989,0.980,0.951,0.85
88,S-LAM52,720437,724434,1.682806 ,1.688398 ,1.694625 ,1.700646 ,1.702820 ,1.706827 ,1.709690 ,1.712378 ,1.715105 ,1.715876 ,1.716599 ,1.719855 ,1.720000 ,1.723914 ,1.731585 ,1.732555 ,1.739715 ,1.740977 ,1.749012 ,1.763280 ,0,0,0,0,0,0,0,0.10,0.39,0.65,0.80,0.88,0.930,0.965,0.977,0.984,0.988,0.992,0.996,0.996,0.995,0.997,0.998,0.997,0.997,0.998,0.997,0.996,0.990,0.979,0.947,0.85
89,S-LAM54,757478,761476,1.714149 ,1.721876 ,1.730070 ,1.737294 ,1.739704 ,1.743941 ,1.746858 ,1.749544 ,1.752234 ,1.752989 ,1.753696 ,1.756858 ,1.756998 ,1.760765 ,1.768064 ,1.768980 ,1.775697 ,1.776874 ,1.784307 ,1.797262 ,0,0,0,0,0,0,0.05,0.33,0.65,0.82,0.909,0.945,0.963,0.979,0.985,0.990,0.993,0.995,0.997,0.997,0.998,0.998,0.999,0.998,0.997,0.997,0.991,0.991,0.981,0.954,0.87,0.62
90,S-LAM55,762401,767398,1.720201 ,1.726397 ,1.733284 ,1.739984 ,1.742425 ,1.746951 ,1.750203 ,1.753267 ,1.756385 ,1.757268 ,1.758097 ,1.761834 ,1.762001 ,1.766509 ,1.775388 ,1.776515 ,1.784865 ,1.786343 ,1.795796 ,1.812800 ,0,0,0,0,0,0,0,0.06,0.37,0.67,0.82,0.89,0.932,0.963,0.976,0.984,0.989,0.993,0.997,0.997,0.997,0.998,0.999,0.998,0.998,0.998,0.995,0.994,0.986,0.970,0.923,0.78
91,S-LAM58,720420,724417,1.682050 ,1.687637 ,1.693899 ,1.700014 ,1.702239 ,1.706359 ,1.709313 ,1.712093 ,1.714919 ,1.715718 ,1.716469 ,1.719850 ,1.720000 ,1.724072 ,1.732071 ,1.733084 ,1.740575 ,1.741898 ,1.750334 ,1.765382 ,0,0,0,0,0,0,0,0.04,0.27,0.55,0.74,0.85,0.911,0.960,0.976,0.983,0.988,0.991,0.996,0.996,0.995,0.997,0.998,0.998,0.998,0.999,0.997,0.997,0.992,0.984,0.956,0.89
92,S-LAM59,697485,700482,1.661739 ,1.667483 ,1.673759 ,1.679591 ,1.681625 ,1.685298 ,1.687878 ,1.690277 ,1.692696 ,1.693376 ,1.694014 ,1.696875 ,1.697002 ,1.700421 ,1.707062 ,1.707897 ,1.714019 ,1.715091 ,1.721865 ,1.733660 ,0,0,0,0,0,0,0.14,0.47,0.73,0.86,0.923,0.954,0.969,0.982,0.986,0.989,0.992,0.995,0.997,0.996,0.995,0.997,0.998,0.998,0.998,0.998,0.996,0.996,0.991,0.982,0.952,0.85
93,S-LAM60,743493,747491,1.701808 ,1.709322 ,1.717297 ,1.724307 ,1.726634 ,1.730712 ,1.733510 ,1.736082 ,1.738653 ,1.739374 ,1.740049 ,1.743065 ,1.743198 ,1.746784 ,1.753716 ,1.754584 ,1.760937 ,1.762047 ,1.769040 ,1.781130 ,0,0,0,0,0,0.03,0.29,0.60,0.79,0.89,0.937,0.961,0.974,0.985,0.990,0.993,0.995,0.997,0.998,0.997,0.998,0.998,0.998,0.998,0.997,0.997,0.991,0.991,0.980,0.953,0.87,0.62
94,S-LAM61,720460,724457,1.682517 ,1.688540 ,1.695112 ,1.701258 ,1.703420 ,1.707349 ,1.710124 ,1.712713 ,1.715330 ,1.716067 ,1.716758 ,1.719864 ,1.720002 ,1.723721 ,1.730974 ,1.731887 ,1.738609 ,1.739789 ,1.747274 ,1.760425 ,0,0,0,0,0,0,0.03,0.26,0.56,0.75,0.86,0.914,0.943,0.969,0.979,0.985,0.989,0.993,0.997,0.996,0.997,0.997,0.998,0.999,0.998,0.999,0.997,0.997,0.991,0.978,0.942,0.80
95,S-LAM66,801350,806347,1.750939 ,1.758421 ,1.766723 ,1.774748 ,1.777655 ,1.783039 ,1.786906 ,1.790554 ,1.794275 ,1.795329 ,1.796321 ,1.800799 ,1.800999 ,1.806423 ,1.817182 ,1.818556 ,1.828791 ,1.830614 ,1.842361 ,1.863908 ,0,0,0,0,0,0,0,0.03,0.28,0.57,0.73,0.82,0.87,0.932,0.954,0.968,0.977,0.985,0.994,0.994,0.994,0.997,0.998,0.998,0.998,0.999,0.998,0.997,0.992,0.976,0.937,0.77
96,S-LAH51,786442,790439,1.742652 ,1.749722 ,1.757402 ,1.764519 ,1.767004 ,1.771497 ,1.774661 ,1.777608 ,1.780584 ,1.781423 ,1.782209 ,1.785739 ,1.785896 ,1.790123 ,1.798364 ,1.799402 ,1.807036 ,1.808376 ,1.816868 ,1.831751 ,0,0,0,0,0,0.01,0.17,0.51,0.73,0.84,0.910,0.942,0.961,0.977,0.984,0.989,0.993,0.995,0.998,0.997,0.997,0.998,0.998,0.997,0.996,0.996,0.991,0.989,0.981,0.957,0.89,0.68
97,S-LAH52,800422,804420,1.754947 ,1.762022 ,1.769759 ,1.777032 ,1.779605 ,1.784296 ,1.787621 ,1.790731 ,1.793879 ,1.794768 ,1.795602 ,1.799349 ,1.799516 ,1.804015 ,1.812814 ,1.813925 ,1.822114 ,1.823554 ,1.832706 ,1.848846 ,0,0,0,0,0,0.02,0.23,0.52,0.72,0.83,0.89,0.931,0.951,0.971,0.979,0.985,0.990,0.993,0.997,0.997,0.998,0.998,0.998,0.998,0.998,0.997,0.994,0.993,0.986,0.965,0.910,0.71
98,S-LAH53,806409,811407,1.760508 ,1.767642 ,1.775465 ,1.782871 ,1.785508 ,1.790336 ,1.793769 ,1.796986 ,1.800248 ,1.801169 ,1.802034 ,1.805925 ,1.806098 ,1.810775 ,1.819945 ,1.821104 ,1.829665 ,1.831174 ,1.840781 ,1.857824 ,0,0,0,0,0,0,0.06,0.38,0.65,0.80,0.88,0.925,0.947,0.969,0.979,0.985,0.989,0.993,0.996,0.996,0.997,0.998,0.998,0.999,0.999,0.999,0.997,0.996,0.989,0.969,0.915,0.72
99,S-LAH55V,835427,839425,1.788698 ,1.796020 ,1.804017 ,1.811540 ,1.814203 ,1.819062 ,1.822505 ,1.825724 ,1.828981 ,1.829900 ,1.830762 ,1.834635 ,1.834807 ,1.839452 ,1.848520 ,1.849664 ,1.858078 ,1.859556 ,1.868929 ,1.885386 ,0,0,0,0,0,0.14,0.42,0.64,0.78,0.86,0.910,0.939,0.956,0.974,0.982,0.987,0.992,0.995,0.998,0.998,0.998,0.999,0.999,0.999,0.999,0.999,0.997,0.995,0.987,0.966,0.909,0.71
100,S-LAH58,883408,888405,1.835896 ,1.842643 ,1.850235 ,1.857761 ,1.860538 ,1.865721 ,1.869457 ,1.872978 ,1.876560 ,1.877573 ,1.878524 ,1.882807 ,1.882997 ,1.888146 ,1.898221 ,1.899492 ,1.908852 ,1.910497 ,1.920919 ,1.939174 ,0,0,0,0,0.05,0.17,0.34,0.51,0.66,0.77,0.84,0.89,0.924,0.951,0.965,0.974,0.982,0.988,0.995,0.995,0.995,0.995,0.995,0.995,0.995,0.996,0.996,0.996,0.992,0.980,0.956,0.84
101,S-LAH59,816466,820464,1.773448 ,1.780335 ,1.787837 ,1.794834 ,1.797290 ,1.801741 ,1.804879 ,1.807801 ,1.810749 ,1.811579 ,1.812357 ,1.815845 ,1.816000 ,1.820167 ,1.828252 ,1.829267 ,1.836698 ,1.837997 ,1.846185 ,1.860338 ,0,0.02,0.06,0.09,0.28,0.43,0.58,0.71,0.81,0.88,0.921,0.943,0.958,0.973,0.979,0.984,0.989,0.994,0.997,0.996,0.996,0.996,0.996,0.995,0.995,0.995,0.995,0.994,0.989,0.973,0.938,0.76
102,S-LAH60,834372,839369,1.784731 ,1.792050 ,1.800176 ,1.808068 ,1.810939 ,1.816265 ,1.820093 ,1.823701 ,1.827376 ,1.828416 ,1.829394 ,1.833803 ,1.834000 ,1.839323 ,1.849819 ,1.851152 ,1.861032 ,1.862781 ,1.873964 ,1.894030 ,0,0,0,0,0,0,0.03,0.27,0.54,0.72,0.83,0.88,0.924,0.957,0.972,0.980,0.986,0.990,0.996,0.997,0.997,0.998,0.999,0.998,0.997,0.996,0.993,0.992,0.984,0.964,0.906,0.72
103,S-LAH63,804396,809393,1.757806 ,1.765049 ,1.773003 ,1.780557 ,1.783252 ,1.788197 ,1.791718 ,1.795022 ,1.798376 ,1.799323 ,1.800213 ,1.804220 ,1.804398 ,1.809221 ,1.818696 ,1.819896 ,1.828771 ,1.830338 ,1.840332 ,1.858148 ,0,0,0,0,0,0,0.06,0.31,0.59,0.76,0.86,0.909,0.937,0.965,0.976,0.983,0.988,0.992,0.997,0.998,0.998,0.998,0.999,0.998,0.997,0.997,0.993,0.992,0.984,0.963,0.89,0.70
104,S-LAH64,788474,792471,1.744663 ,1.752198 ,1.760258 ,1.767500 ,1.769960 ,1.774333 ,1.777370 ,1.780179 ,1.782998 ,1.783790 ,1.784532 ,1.787854 ,1.788001 ,1.791961 ,1.799634 ,1.800596 ,1.807649 ,1.808882 ,1.816664 ,1.830161 ,0,0,0,0,0.13,0.40,0.63,0.77,0.85,0.912,0.943,0.961,0.972,0.981,0.986,0.990,0.993,0.996,0.998,0.998,0.998,0.998,0.999,0.998,0.997,0.996,0.995,0.993,0.987,0.966,0.915,0.68
105,S-LAH65V,804466,808463,1.759865 ,1.767414 ,1.775520 ,1.782864 ,1.785378 ,1.789869 ,1.792999 ,1.795900 ,1.798817 ,1.799637 ,1.800405 ,1.803847 ,1.804000 ,1.808107 ,1.816076 ,1.817077 ,1.824411 ,1.825694 ,1.833795 ,1.847861 ,0,0,0,0,0.11,0.37,0.60,0.75,0.85,0.906,0.939,0.959,0.970,0.981,0.986,0.990,0.993,0.996,0.998,0.998,0.998,0.999,0.999,0.999,0.999,0.999,0.997,0.996,0.989,0.967,0.910,0.68
106,S-LAH66,773496,776493,1.730307 ,1.737857 ,1.745901 ,1.753025 ,1.755407 ,1.759599 ,1.762484 ,1.765140 ,1.767798 ,1.768544 ,1.769242 ,1.772361 ,1.772499 ,1.776208 ,1.783374 ,1.784271 ,1.790828 ,1.791972 ,1.799174 ,1.811582 ,0,0,0,0.10,0.33,0.55,0.71,0.81,0.88,0.930,0.956,0.971,0.979,0.987,0.991,0.994,0.996,0.997,0.999,0.998,0.998,0.999,0.998,0.998,0.998,0.997,0.993,0.993,0.983,0.958,0.88,0.64
107,S-LAH71,850323,856320,1.800954 ,1.806846 ,1.813801 ,1.821328 ,1.824294 ,1.830037 ,1.834298 ,1.838380 ,1.842586 ,1.843784 ,1.844913 ,1.850030 ,1.850259 ,1.856493 ,1.868935 ,1.870528 ,1.882433 ,1.884558 ,1.898274 ,,0,0,0,0,0,0,0,0,0.01,0.11,0.29,0.49,0.65,0.83,0.913,0.945,0.963,0.976,0.992,0.995,0.995,0.997,0.998,0.999,0.999,0.999,0.999,0.998,0.993,0.989,0.982,0.959
108,S-LAH79,003283,011281,1.939036 ,1.946416 ,1.955183 ,1.964858 ,1.968730 ,1.976298 ,1.981952 ,1.987390 ,1.993011 ,1.994615 ,1.996126 ,2.002993 ,2.003300 ,2.011689 ,2.028497 ,2.030656 ,2.046824 ,2.049716 ,2.068441 ,,0,0,0,0,0,0,0,0,0,0.03,0.16,0.33,0.50,0.72,0.83,0.88,0.921,0.945,0.979,0.988,0.991,0.993,0.996,0.997,0.997,0.998,0.998,0.997,0.994,0.986,0.966,0.89
109,S-LAH88,917316,923314,1.858144 ,1.866069 ,1.875034 ,1.884130 ,1.887564 ,1.894079 ,1.898843 ,1.903379 ,1.908035 ,1.909358 ,1.910604 ,1.916247 ,1.916500 ,1.923361 ,1.937034 ,1.938784 ,1.951847 ,1.954176 ,1.969205 ,,0,0,0,0,0,0,0,0.01,0.16,0.45,0.68,0.81,0.87,0.936,0.961,0.973,0.981,0.987,0.994,0.996,0.997,0.998,0.999,0.999,0.999,0.999,0.995,0.994,0.985,0.963,0.89,0.71
110,S-LAH89,852408,856405,1.805608 ,1.812332 ,1.819832 ,1.827180 ,1.829870 ,1.834873 ,1.838470 ,1.841858 ,1.845304 ,1.846279 ,1.847194 ,1.851316 ,1.851500 ,1.856460 ,1.866184 ,1.867413 ,1.876479 ,1.878075 ,1.888218 ,,0,0,0,0,0,0,0.07,0.31,0.57,0.74,0.84,0.89,0.93,0.962,0.975,0.983,0.989,0.993,0.998,0.999,0.998,0.999,0.999,0.999,0.999,0.999,0.998,0.997,0.992,0.975,0.938,0.78
111,S-LAH92,892371,898369,1.842591 ,1.849267 ,1.856862 ,1.864600 ,1.867522 ,1.873053 ,1.877085 ,1.880911 ,1.884824 ,1.885934 ,1.886977 ,1.891689 ,1.891900 ,1.897597 ,1.908843 ,1.910271 ,1.920854 ,1.922727 ,1.934692 ,,0,0,0,0,0,0,0,0.08 ,0.28 ,0.52 ,0.69 ,0.80 ,0.87 ,0.936 ,0.962 ,0.976 ,0.984 ,0.990 ,0.997 ,0.998 ,0.999 ,0.999 ,0.999 ,0.999 ,0.999 ,0.999 ,0.998 ,0.997 ,0.992 ,0.977 ,0.946 ,0.82
112,S-YGH51,755523,758521,1.713874 ,1.721526 ,1.729607 ,1.736624 ,1.738925 ,1.742924 ,1.745648 ,1.748140 ,1.750624 ,1.751319 ,1.751970 ,1.754870 ,1.754999 ,1.758437 ,1.765055 ,1.765881 ,1.771907 ,1.772956 ,1.779544 ,1.790827 ,0.03,0.12,0.21,0.24,0.47,0.61,0.73,0.82,0.88,0.930,0.956,0.972,0.980,0.988,0.991,0.994,0.996,0.997,0.998,0.998,0.998,0.998,0.998,0.998,0.997,0.997,0.993,0.993,0.984,0.958,0.88,0.62
113,S-FTM16,593353,597350,1.556030 ,1.561539 ,1.567666 ,1.573566 ,1.575691 ,1.579615 ,1.582430 ,1.585085 ,1.587795 ,1.588563 ,1.589286 ,1.592555 ,1.592701 ,1.596670 ,1.604580 ,1.605594 ,1.613182 ,1.614539 ,1.623339 ,1.639741 ,0,0,0,0,0,0,0,0.04,0.43,0.81,0.934,0.973,0.984,0.989,0.990,0.991,0.992,0.994,0.997,0.997,0.996,0.996,0.999,0.999,0.999,0.999,0.996,0.994,0.989,0.987,0.959,0.953
114,S-NBM51,613443,617440,1.576602 ,1.583133 ,1.590122 ,1.596329 ,1.598405 ,1.602062 ,1.604585 ,1.606913 ,1.609248 ,1.609905 ,1.610520 ,1.613275 ,1.613397 ,1.616690 ,1.623105 ,1.623913 ,1.629865 ,1.630911 ,1.637555 ,1.649270 ,0,0,0,0,0.08,0.48,0.75,0.87,0.925,0.953,0.968,0.978,0.984,0.989,0.992,0.993,0.995,0.997,0.999,0.999,0.999,0.999,0.999,0.999,0.999,0.999,0.998,0.994,0.987,0.972,0.89,0.76
115,S-NBH 5,654397,658395,1.614103 ,1.620697 ,1.627874 ,1.634484 ,1.636773 ,1.640896 ,1.643793 ,1.646494 ,1.649225 ,1.649996 ,1.650719 ,1.653971 ,1.654115 ,1.658026 ,1.665709 ,1.666683 ,1.673891 ,1.675166 ,1.683310 ,1.697907 ,0,0,0,0,0,0.12,0.47,0.71,0.83,0.902,0.936,0.957,0.969,0.980,0.985,0.988,0.991,0.994,0.997,0.997,0.997,0.998,0.999,0.999,0.999,0.999,0.991,0.994,0.989,0.976,0.919,0.80
116,S-NBH 8,720347,725345,1.675342 ,1.681981 ,1.689408 ,1.696648 ,1.699281 ,1.704164 ,1.707675 ,1.710987 ,1.714365 ,1.715322 ,1.716222 ,1.720286 ,1.720467 ,1.725385 ,1.735123 ,1.736364 ,1.745595 ,1.747234 ,1.757768 ,1.776894 ,0,0,0,0,0,0.03,0.24,0.49,0.67,0.79,0.86,0.908,0.936,0.962,0.972,0.979,0.984,0.989,0.996,0.997,0.997,0.998,0.999,0.999,0.999,0.999,0.997,0.997,0.992,0.984,0.955,0.88
117,S-NBH51,750353,755351,1.702600 ,1.709647 ,1.717477 ,1.725030 ,1.727756 ,1.732791 ,1.736399 ,1.739798 ,1.743259 ,1.744240 ,1.745161 ,1.749319 ,1.749505 ,1.754531 ,1.764473 ,1.765738 ,1.775145 ,1.776815 ,1.787533 ,1.806954 ,0,0,0,0,0,0.02,0.22,0.49,0.68,0.80,0.87,0.918,0.943,0.967,0.976,0.982,0.987,0.991,0.997,0.997,0.998,0.998,0.999,0.998,0.998,0.998,0.995,0.994,0.989,0.980,0.945,0.87
118,S-NBH52,673382,677379,1.632911 ,1.639041 ,1.645850 ,1.652366 ,1.654696 ,1.658971 ,1.662017 ,1.664876 ,1.667780 ,1.668601 ,1.669372 ,1.672845 ,1.673000 ,1.677185 ,1.685422 ,1.686467 ,1.694204 ,1.695573 ,1.704316 ,1.7199729,0,0,0,0,0.04,0.37,0.69,0.85,0.923,0.958,0.976,0.985,0.990,0.993,0.994,0.995,0.996,0.997,0.999,0.999,0.998,0.999,0.999,0.999,0.999,0.999,0.996,0.995,0.983 ,0.971,0.932,0.912
119,S-NBH53,738323,743320,1.690164 ,1.696930 ,1.704567 ,1.712154 ,1.714958 ,1.720209 ,1.724014 ,1.727620 ,1.731309 ,1.732356 ,1.733342 ,1.737800 ,1.738000 ,1.743413 ,1.754185 ,1.755563 ,1.765845 ,1.767679 ,1.779511 ,1.8012463,0,0,0,0,0,0.03,0.17,0.52,0.74,0.85,0.915,0.947,0.965,0.981,0.986,0.988,0.991,0.993,0.997,0.997,0.997,0.998,0.999,0.999,0.999,0.999,0.996,0.996,0.990,0.985,0.952,0.949
120,S-NBH55,800299,806296,1.749888 ,1.756003 ,1.763162 ,1.770816 ,1.773810 ,1.779594 ,1.783882 ,1.787994 ,1.792237 ,1.793447 ,1.794588 ,1.799767 ,1.800000 ,1.806331 ,1.819043 ,1.820679 ,1.832967 ,1.835172 ,1.849510 ,,0,0,0,0,0,0,0,0,0.04,0.34,0.63,0.78,0.86,0.931,0.958,0.970,0.978,0.983,0.992,0.995,0.995,0.997,0.998,0.999,0.999,0.999,0.997,0.996,0.991,0.985,0.969,0.943
121,S-NBH56,855248,863246,1.792341 ,1.799741 ,1.808473 ,1.817919 ,1.821646 ,1.828890 ,1.834290 ,1.839490 ,1.844876 ,1.846416 ,1.847868 ,1.854482 ,1.854780 ,1.862904 ,1.879345 ,1.881473 ,1.897547 ,1.900448 ,1.919437 ,,0,0,0,0,0,0,0,0,0.11,0.44,0.69,0.81,0.87,0.933,0.958,0.97,0.978,0.983,0.993,0.996,0.996,0.997,0.999,0.999,0.999,0.999,0.999,0.997,0.993,0.991,0.977,0.966
122,S-NBH57,850300,857298,1.797334 ,1.803741 ,1.811268 ,1.819349 ,1.822517 ,1.828644 ,1.833188 ,1.837544 ,1.842037 ,1.843318 ,1.844525 ,1.850004 ,1.850250 ,1.856938 ,1.870336 ,1.872056 ,1.884948 ,1.887255 ,1.902202 ,,0,0,0,0,0,0,0,0,0.17,0.42,0.6,0.72,0.81,0.89,0.936,0.955,0.968,0.978,0.993,0.994,0.994,0.996,0.998,0.999,0.999,0.999,0.998,0.997,0.992,0.984,0.968,0.921
123,S-NPH 1,808228,816226,1.744547 ,1.752259 ,1.761251 ,1.770835 ,1.774589 ,1.781872 ,1.787308 ,1.792556 ,1.798009 ,1.799572 ,1.801048 ,1.807791 ,1.808095 ,1.816434 ,1.833513 ,1.835746 ,1.852791 ,1.855904 ,1.876580 ,,0,0,0,0,0,0,0,0,0,0,0.14,0.53,0.77,0.917,0.952,0.967,0.975,0.982,0.992,0.994,0.995,0.996,0.997,0.997,0.996,0.997,0.994,0.992,0.984,0.973,0.934,0.88
124,S-NPH 1W,808228,816226,1.744547 ,1.752259 ,1.761251 ,1.770835 ,1.774589 ,1.781872 ,1.787308 ,1.792556 ,1.798009 ,1.799572 ,1.801048 ,1.807791 ,1.808095 ,1.816434 ,1.833513 ,1.835746 ,1.852791 ,1.855904 ,1.876580 ,,0,0,0,0,0,0,0,0,0,0,0.28 ,0.67 ,0.87 ,0.956 ,0.972 ,0.978 ,0.983 ,0.986 ,0.993 ,0.996 ,0.997 ,0.998 ,0.999 ,0.999 ,0.999 ,0.999 ,0.996 ,0.994 ,0.986 ,0.973 ,0.932 ,0.88
125,S-NPH 2,923189,934187,1.842142 ,1.850932 ,1.861457 ,1.873269 ,1.878072 ,1.887582 ,1.894791 ,1.901812 ,1.909158 ,1.911272 ,1.913271 ,1.922445 ,1.922860 ,1.934291 ,1.957996 ,1.961125 ,1.985259 ,1.989717 ,2.019763 ,,0,0,0,0,0,0,0,0,0,0,0,0.02,0.24,0.70,0.85,0.910,0.936,0.953,0.978,0.988,0.990,0.993,0.996,0.996,0.996,0.997,0.997,0.996,0.992,0.988,0.977,0.961
126,S-NPH 3,959175,972173,1.870644 ,1.880025 ,1.891308 ,1.904117 ,1.909372 ,1.919835 ,1.927804 ,1.935590 ,1.943760 ,1.946116 ,1.948345 ,1.958596 ,1.959060 ,1.971885 ,1.998655 ,2.002207 ,2.029758 ,2.034877 ,2.069650 ,,0,0,0,0,0,0,0,0,0,0,0,0,0.12,0.72,0.88,0.932,0.956,0.970,0.990,0.996,0.997,0.999,0.999,0.998,0.998,0.999,0.998,0.995,0.989,0.983,0.968,0.949
127,S-NPH 4,893204,903202,1.818640 ,1.826940 ,1.836814 ,1.847766 ,1.852180 ,1.860880 ,1.867448 ,1.873826 ,1.880484 ,1.882397 ,1.884205 ,1.892486 ,1.892860 ,1.903144 ,1.924335 ,1.927118 ,1.948455 ,1.952371 ,1.978529 ,,0,0,0,0,0,0,0,0,0,0,0.06,0.39,0.71,0.915,0.951,0.966,0.975,0.982,0.993,0.997,0.997,0.998,0.999,0.999,0.999,0.999,0.999,0.995,0.984,0.971,0.948,0.915
128,S-NPH 5,859227,868225,1.792469 ,1.800272 ,1.809437 ,1.819380 ,1.823326 ,1.831035 ,1.836812 ,1.842399 ,1.848209 ,1.849874 ,1.851447 ,1.858632 ,1.858956 ,1.867836 ,1.886001 ,1.888373 ,1.906452 ,1.909748 ,1.931599 ,,0,0,0,0,0,0,0,0,0.03 ,0.08 ,0.41 ,0.72 ,0.84 ,0.924 ,0.949 ,0.962 ,0.971 ,0.979 ,0.991 ,0.994 ,0.995 ,0.996 ,0.998 ,0.998 ,0.998 ,0.999 ,0.996 ,0.993 ,0.984 ,0.972 ,0.944 ,0.915
129,S-NPH53,847239,855237,1.783472 ,1.790937 ,1.799714 ,1.809211 ,1.812969 ,1.820291 ,1.825766 ,1.831051 ,1.836537 ,1.838108 ,1.839590 ,1.846356 ,1.846660 ,1.855001 ,1.871986 ,1.874196 ,1.890979 ,1.894027 ,1.914121 ,,0,0,0,0,0,0,0,0,0.05,0.34,0.63,0.77,0.85,0.914,0.94,0.953,0.962,0.971,0.988,0.994,0.996,0.997,0.998,0.999,0.999,0.999,0.998,0.995,0.986,0.976,0.952,0.927
